participant_id,date,total_steps,active_intervals,observed_step_intervals
p01,2024-01-01,26296,17,24
p01,2024-01-02,18785,18,24
p01,2024-01-03,24061,16,24
p01,2024-01-04,18102,18,24
p01,2024-01-05,24893,16,24
p01,2024-01-06,14802,16,24
p01,2024-01-07,24097,16,24
p01,2024-01-08,15642,17,24
p01,2024-01-09,24323,16,24
p01,2024-01-10,18929,15,24
p01,2024-01-11,23028,16,24
p01,2024-01-12,19814,18,24
p01,2024-01-13,26993,17,24
p01,2024-01-14,20617,18,24
p02,2024-01-01,21258,18,24
p02,2024-01-02,18926,16,24
p02,2024-01-03,24683,16,24
p02,2024-01-04,17298,17,24
p02,2024-01-05,29353,17,24
p02,2024-01-06,18851,17,24
p02,2024-01-07,26220,15,24
p02,2024-01-08,17892,18,24
p02,2024-01-09,22736,16,24
p02,2024-01-10,17203,17,24
p02,2024-01-11,26949,17,24
p02,2024-01-12,18905,17,24
p02,2024-01-13,25299,17,24
p02,2024-01-14,18225,17,24
p03,2024-01-01,23342,18,24
p03,2024-01-02,18877,16,24
p03,2024-01-03,20379,16,24
p03,2024-01-04,19113,15,24
p03,2024-01-05,20353,15,24
p03,2024-01-06,19050,17,24
p03,2024-01-07,21114,17,24
p03,2024-01-08,19105,16,24
p03,2024-01-09,24096,16,24
p03,2024-01-10,18981,15,24
p03,2024-01-11,24544,15,24
p03,2024-01-12,16831,16,24
p03,2024-01-13,24110,17,24
p03,2024-01-14,16383,16,24
p04,2024-01-01,23827,18,24
p04,2024-01-02,20964,18,24
p04,2024-01-03,23949,17,24
p04,2024-01-04,18537,16,24
p04,2024-01-05,21416,16,24
p04,2024-01-06,20166,17,24
p04,2024-01-07,23499,17,24
p04,2024-01-08,16331,17,24
p04,2024-01-09,23477,16,24
p04,2024-01-10,17256,17,24
p04,2024-01-11,26317,16,24
p04,2024-01-12,16747,17,24
p04,2024-01-13,19387,16,24
p04,2024-01-14,18370,17,24
