participant_id,date,total_steps,active_intervals,observed_step_intervals,mean_hr,resting_hr,peak_hr,observed_hr_intervals
p01,2024-01-01,26296,17,24,74.69583333333334,57.315,100.6,24
p01,2024-01-02,18785,18,24,70.01666666666667,56.8,94.8,24
p01,2024-01-03,24061,16,24,74.675,55.105,124.3,24
p01,2024-01-04,18102,18,24,73.30416666666666,55.985,101.2,24
p01,2024-01-05,24893,16,24,73.09166666666667,55.72,98.8,24
p01,2024-01-06,14802,16,24,71.175,56.93,99.4,24
p01,2024-01-07,24097,16,24,70.39166666666667,52.68,97.3,24
p01,2024-01-08,15642,17,24,69.96666666666667,57.905,99.0,24
p01,2024-01-09,24323,16,24,73.27499999999999,53.78,106.0,24
p01,2024-01-10,18929,15,24,73.53750000000001,56.975,98.0,24
p01,2024-01-11,23028,16,24,69.2375,54.66,88.8,24
p01,2024-01-12,19814,18,24,71.46249999999999,54.01,93.9,24
p01,2024-01-13,26993,17,24,71.45,53.95,92.3,24
p01,2024-01-14,20617,18,24,70.55,54.475,96.1,24
p02,2024-01-01,21258,18,24,73.175,55.335,90.4,24
p02,2024-01-02,18926,16,24,74.79166666666667,56.13,107.2,24
p02,2024-01-03,24683,16,24,72.575,53.145,102.9,24
p02,2024-01-04,17298,17,24,71.12083333333332,57.89,85.3,24
p02,2024-01-05,29353,17,24,73.075,55.165,116.9,24
p02,2024-01-06,18851,17,24,71.24166666666666,59.02,93.3,24
p02,2024-01-07,26220,15,24,70.80416666666666,56.865,87.9,24
p02,2024-01-08,17892,18,24,72.11666666666666,59.42,95.5,24
p02,2024-01-09,22736,16,24,69.6875,52.425,90.7,24
p02,2024-01-10,17203,17,24,73.47083333333333,56.690000000000005,92.2,24
p02,2024-01-11,26949,17,24,74.325,56.7,127.6,24
p02,2024-01-12,18905,17,24,72.85000000000001,54.06,104.0,24
p02,2024-01-13,25299,17,24,74.56666666666666,54.99,99.5,24
p02,2024-01-14,18225,17,24,71.9375,56.485,97.5,24
p03,2024-01-01,23342,18,24,73.90833333333333,56.415,100.6,24
p03,2024-01-02,18877,16,24,69.37083333333334,52.105,91.4,24
p03,2024-01-03,20379,16,24,75.30833333333334,57.015,107.1,24
p03,2024-01-04,19113,15,24,73.55,55.04,96.4,24
p03,2024-01-05,20353,15,24,75.37083333333334,58.33,113.4,24
p03,2024-01-06,19050,17,24,72.07083333333334,55.99,89.3,24
p03,2024-01-07,21114,17,24,73.27916666666667,53.3,118.7,24
p03,2024-01-08,19105,16,24,70.86666666666666,57.83,94.4,24
p03,2024-01-09,24096,16,24,69.21666666666667,55.305,97.2,24
p03,2024-01-10,18981,15,24,70.5625,57.435,105.0,24
p03,2024-01-11,24544,15,24,76.29166666666667,53.07,111.4,24
p03,2024-01-12,16831,16,24,71.82916666666667,52.905,95.6,24
p03,2024-01-13,24110,17,24,73.88333333333334,52.045,113.5,24
p03,2024-01-14,16383,16,24,72.15833333333333,53.82,105.4,24
p04,2024-01-01,23827,18,24,73.02499999999999,57.505,99.9,24
p04,2024-01-02,20964,18,24,71.13333333333334,54.895,93.5,24
p04,2024-01-03,23949,17,24,76.79166666666667,57.45,110.6,24
p04,2024-01-04,18537,16,24,69.675,56.045,91.3,24
p04,2024-01-05,21416,16,24,70.6875,53.615,96.9,24
p04,2024-01-06,20166,17,24,71.2375,53.1,97.6,24
p04,2024-01-07,23499,17,24,72.99583333333334,54.075,103.1,24
p04,2024-01-08,16331,17,24,70.07916666666667,54.13,103.1,24
p04,2024-01-09,23477,16,24,77.06666666666666,53.28,103.3,24
p04,2024-01-10,17256,17,24,70.92916666666666,52.265,98.2,24
p04,2024-01-11,26317,16,24,74.075,56.405,112.5,24
p04,2024-01-12,16747,17,24,72.30416666666666,54.115,89.8,24
p04,2024-01-13,19387,16,24,68.42083333333333,52.965,99.0,24
p04,2024-01-14,18370,17,24,73.10000000000001,57.49,113.3,24
