participant_id,timestamp,steps
p01,2024-01-01 00:00:00,0
p01,2024-01-01 01:00:00,0
p01,2024-01-01 02:00:00,0
p01,2024-01-01 03:00:00,0
p01,2024-01-01 04:00:00,0
p01,2024-01-01 05:00:00,0
p01,2024-01-01 06:00:00,1364
p01,2024-01-01 07:00:00,565
p01,2024-01-01 08:00:00,1534
p01,2024-01-01 09:00:00,2032
p01,2024-01-01 10:00:00,2130
p01,2024-01-01 11:00:00,2236
p01,2024-01-01 12:00:00,1203
p01,2024-01-01 13:00:00,884
p01,2024-01-01 14:00:00,1126
p01,2024-01-01 15:00:00,1665
p01,2024-01-01 16:00:00,1489
p01,2024-01-01 17:00:00,1009
p01,2024-01-01 18:00:00,2408
p01,2024-01-01 19:00:00,3472
p01,2024-01-01 20:00:00,2881
p01,2024-01-01 21:00:00,137
p01,2024-01-01 22:00:00,20
p01,2024-01-01 23:00:00,141
p01,2024-01-02 00:00:00,0
p01,2024-01-02 01:00:00,0
p01,2024-01-02 02:00:00,0
p01,2024-01-02 03:00:00,0
p01,2024-01-02 04:00:00,0
p01,2024-01-02 05:00:00,0
p01,2024-01-02 06:00:00,663
p01,2024-01-02 07:00:00,976
p01,2024-01-02 08:00:00,1428
p01,2024-01-02 09:00:00,2101
p01,2024-01-02 10:00:00,1527
p01,2024-01-02 11:00:00,1229
p01,2024-01-02 12:00:00,1299
p01,2024-01-02 13:00:00,1263
p01,2024-01-02 14:00:00,1893
p01,2024-01-02 15:00:00,1301
p01,2024-01-02 16:00:00,1940
p01,2024-01-02 17:00:00,1249
p01,2024-01-02 18:00:00,697
p01,2024-01-02 19:00:00,328
p01,2024-01-02 20:00:00,461
p01,2024-01-02 21:00:00,102
p01,2024-01-02 22:00:00,145
p01,2024-01-02 23:00:00,183
p01,2024-01-03 00:00:00,0
p01,2024-01-03 01:00:00,0
p01,2024-01-03 02:00:00,0
p01,2024-01-03 03:00:00,0
p01,2024-01-03 04:00:00,0
p01,2024-01-03 05:00:00,0
p01,2024-01-03 06:00:00,1038
p01,2024-01-03 07:00:00,1697
p01,2024-01-03 08:00:00,1241
p01,2024-01-03 09:00:00,1249
p01,2024-01-03 10:00:00,1810
p01,2024-01-03 11:00:00,986
p01,2024-01-03 12:00:00,756
p01,2024-01-03 13:00:00,1242
p01,2024-01-03 14:00:00,930
p01,2024-01-03 15:00:00,1588
p01,2024-01-03 16:00:00,1883
p01,2024-01-03 17:00:00,1314
p01,2024-01-03 18:00:00,1047
p01,2024-01-03 19:00:00,3786
p01,2024-01-03 20:00:00,3199
p01,2024-01-03 21:00:00,192
p01,2024-01-03 22:00:00,28
p01,2024-01-03 23:00:00,75
p01,2024-01-04 00:00:00,0
p01,2024-01-04 01:00:00,0
p01,2024-01-04 02:00:00,0
p01,2024-01-04 03:00:00,0
p01,2024-01-04 04:00:00,0
p01,2024-01-04 05:00:00,0
p01,2024-01-04 06:00:00,1780
p01,2024-01-04 07:00:00,1111
p01,2024-01-04 08:00:00,907
p01,2024-01-04 09:00:00,1113
p01,2024-01-04 10:00:00,2394
p01,2024-01-04 11:00:00,1886
p01,2024-01-04 12:00:00,1100
p01,2024-01-04 13:00:00,619
p01,2024-01-04 14:00:00,1429
p01,2024-01-04 15:00:00,1290
p01,2024-01-04 16:00:00,961
p01,2024-01-04 17:00:00,975
p01,2024-01-04 18:00:00,800
p01,2024-01-04 19:00:00,689
p01,2024-01-04 20:00:00,637
p01,2024-01-04 21:00:00,121
p01,2024-01-04 22:00:00,135
p01,2024-01-04 23:00:00,155
p01,2024-01-05 00:00:00,0
p01,2024-01-05 01:00:00,0
p01,2024-01-05 02:00:00,0
p01,2024-01-05 03:00:00,0
p01,2024-01-05 04:00:00,0
p01,2024-01-05 05:00:00,0
p01,2024-01-05 06:00:00,1397
p01,2024-01-05 07:00:00,1559
p01,2024-01-05 08:00:00,631
p01,2024-01-05 09:00:00,1492
p01,2024-01-05 10:00:00,2005
p01,2024-01-05 11:00:00,1251
p01,2024-01-05 12:00:00,660
p01,2024-01-05 13:00:00,834
p01,2024-01-05 14:00:00,1476
p01,2024-01-05 15:00:00,945
p01,2024-01-05 16:00:00,1794
p01,2024-01-05 17:00:00,1238
p01,2024-01-05 18:00:00,3338
p01,2024-01-05 19:00:00,3360
p01,2024-01-05 20:00:00,2667
p01,2024-01-05 21:00:00,48
p01,2024-01-05 22:00:00,90
p01,2024-01-05 23:00:00,108
p01,2024-01-06 00:00:00,0
p01,2024-01-06 01:00:00,0
p01,2024-01-06 02:00:00,0
p01,2024-01-06 03:00:00,0
p01,2024-01-06 04:00:00,0
p01,2024-01-06 05:00:00,0
p01,2024-01-06 06:00:00,723
p01,2024-01-06 07:00:00,1009
p01,2024-01-06 08:00:00,787
p01,2024-01-06 09:00:00,1664
p01,2024-01-06 10:00:00,954
p01,2024-01-06 11:00:00,1707
p01,2024-01-06 12:00:00,700
p01,2024-01-06 13:00:00,651
p01,2024-01-06 14:00:00,830
p01,2024-01-06 15:00:00,991
p01,2024-01-06 16:00:00,1140
p01,2024-01-06 17:00:00,1632
p01,2024-01-06 18:00:00,505
p01,2024-01-06 19:00:00,762
p01,2024-01-06 20:00:00,499
p01,2024-01-06 21:00:00,67
p01,2024-01-06 22:00:00,73
p01,2024-01-06 23:00:00,108
p01,2024-01-07 00:00:00,0
p01,2024-01-07 01:00:00,0
p01,2024-01-07 02:00:00,0
p01,2024-01-07 03:00:00,0
p01,2024-01-07 04:00:00,0
p01,2024-01-07 05:00:00,0
p01,2024-01-07 06:00:00,1610
p01,2024-01-07 07:00:00,624
p01,2024-01-07 08:00:00,1696
p01,2024-01-07 09:00:00,1776
p01,2024-01-07 10:00:00,1122
p01,2024-01-07 11:00:00,916
p01,2024-01-07 12:00:00,790
p01,2024-01-07 13:00:00,670
p01,2024-01-07 14:00:00,1281
p01,2024-01-07 15:00:00,1626
p01,2024-01-07 16:00:00,1304
p01,2024-01-07 17:00:00,1985
p01,2024-01-07 18:00:00,2717
p01,2024-01-07 19:00:00,3692
p01,2024-01-07 20:00:00,2068
p01,2024-01-07 21:00:00,52
p01,2024-01-07 22:00:00,67
p01,2024-01-07 23:00:00,101
p01,2024-01-08 00:00:00,0
p01,2024-01-08 01:00:00,0
p01,2024-01-08 02:00:00,0
p01,2024-01-08 03:00:00,0
p01,2024-01-08 04:00:00,0
p01,2024-01-08 05:00:00,0
p01,2024-01-08 06:00:00,704
p01,2024-01-08 07:00:00,650
p01,2024-01-08 08:00:00,771
p01,2024-01-08 09:00:00,1514
p01,2024-01-08 10:00:00,1556
p01,2024-01-08 11:00:00,1383
p01,2024-01-08 12:00:00,1320
p01,2024-01-08 13:00:00,909
p01,2024-01-08 14:00:00,1883
p01,2024-01-08 15:00:00,816
p01,2024-01-08 16:00:00,1012
p01,2024-01-08 17:00:00,1075
p01,2024-01-08 18:00:00,680
p01,2024-01-08 19:00:00,583
p01,2024-01-08 20:00:00,407
p01,2024-01-08 21:00:00,183
p01,2024-01-08 22:00:00,67
p01,2024-01-08 23:00:00,129
p01,2024-01-09 00:00:00,0
p01,2024-01-09 01:00:00,0
p01,2024-01-09 02:00:00,0
p01,2024-01-09 03:00:00,0
p01,2024-01-09 04:00:00,0
p01,2024-01-09 05:00:00,0
p01,2024-01-09 06:00:00,1804
p01,2024-01-09 07:00:00,1036
p01,2024-01-09 08:00:00,1945
p01,2024-01-09 09:00:00,1675
p01,2024-01-09 10:00:00,2215
p01,2024-01-09 11:00:00,1105
p01,2024-01-09 12:00:00,1196
p01,2024-01-09 13:00:00,1165
p01,2024-01-09 14:00:00,1431
p01,2024-01-09 15:00:00,1546
p01,2024-01-09 16:00:00,881
p01,2024-01-09 17:00:00,1532
p01,2024-01-09 18:00:00,1421
p01,2024-01-09 19:00:00,2448
p01,2024-01-09 20:00:00,2664
p01,2024-01-09 21:00:00,158
p01,2024-01-09 22:00:00,60
p01,2024-01-09 23:00:00,41
p01,2024-01-10 00:00:00,0
p01,2024-01-10 01:00:00,0
p01,2024-01-10 02:00:00,0
p01,2024-01-10 03:00:00,0
p01,2024-01-10 04:00:00,0
p01,2024-01-10 05:00:00,0
p01,2024-01-10 06:00:00,1008
p01,2024-01-10 07:00:00,1046
p01,2024-01-10 08:00:00,1283
p01,2024-01-10 09:00:00,879
p01,2024-01-10 10:00:00,2472
p01,2024-01-10 11:00:00,1742
p01,2024-01-10 12:00:00,1492
p01,2024-01-10 13:00:00,833
p01,2024-01-10 14:00:00,1616
p01,2024-01-10 15:00:00,1472
p01,2024-01-10 16:00:00,1371
p01,2024-01-10 17:00:00,1519
p01,2024-01-10 18:00:00,731
p01,2024-01-10 19:00:00,574
p01,2024-01-10 20:00:00,749
p01,2024-01-10 21:00:00,66
p01,2024-01-10 22:00:00,67
p01,2024-01-10 23:00:00,9
p01,2024-01-11 00:00:00,0
p01,2024-01-11 01:00:00,0
p01,2024-01-11 02:00:00,0
p01,2024-01-11 03:00:00,0
p01,2024-01-11 04:00:00,0
p01,2024-01-11 05:00:00,0
p01,2024-01-11 06:00:00,1021
p01,2024-01-11 07:00:00,590
p01,2024-01-11 08:00:00,1602
p01,2024-01-11 09:00:00,2206
p01,2024-01-11 10:00:00,2173
p01,2024-01-11 11:00:00,1203
p01,2024-01-11 12:00:00,1280
p01,2024-01-11 13:00:00,938
p01,2024-01-11 14:00:00,1055
p01,2024-01-11 15:00:00,1415
p01,2024-01-11 16:00:00,1468
p01,2024-01-11 17:00:00,1624
p01,2024-01-11 18:00:00,1785
p01,2024-01-11 19:00:00,2722
p01,2024-01-11 20:00:00,1712
p01,2024-01-11 21:00:00,157
p01,2024-01-11 22:00:00,0
p01,2024-01-11 23:00:00,77
p01,2024-01-12 00:00:00,0
p01,2024-01-12 01:00:00,0
p01,2024-01-12 02:00:00,0
p01,2024-01-12 03:00:00,0
p01,2024-01-12 04:00:00,0
p01,2024-01-12 05:00:00,0
p01,2024-01-12 06:00:00,847
p01,2024-01-12 07:00:00,1849
p01,2024-01-12 08:00:00,1796
p01,2024-01-12 09:00:00,2068
p01,2024-01-12 10:00:00,2338
p01,2024-01-12 11:00:00,1281
p01,2024-01-12 12:00:00,803
p01,2024-01-12 13:00:00,750
p01,2024-01-12 14:00:00,1773
p01,2024-01-12 15:00:00,949
p01,2024-01-12 16:00:00,1978
p01,2024-01-12 17:00:00,1198
p01,2024-01-12 18:00:00,504
p01,2024-01-12 19:00:00,424
p01,2024-01-12 20:00:00,757
p01,2024-01-12 21:00:00,192
p01,2024-01-12 22:00:00,199
p01,2024-01-12 23:00:00,108
p01,2024-01-13 00:00:00,0
p01,2024-01-13 01:00:00,0
p01,2024-01-13 02:00:00,0
p01,2024-01-13 03:00:00,0
p01,2024-01-13 04:00:00,0
p01,2024-01-13 05:00:00,0
p01,2024-01-13 06:00:00,1451
p01,2024-01-13 07:00:00,1867
p01,2024-01-13 08:00:00,1149
p01,2024-01-13 09:00:00,2346
p01,2024-01-13 10:00:00,2273
p01,2024-01-13 11:00:00,1833
p01,2024-01-13 12:00:00,1056
p01,2024-01-13 13:00:00,762
p01,2024-01-13 14:00:00,1330
p01,2024-01-13 15:00:00,1306
p01,2024-01-13 16:00:00,1867
p01,2024-01-13 17:00:00,1792
p01,2024-01-13 18:00:00,1317
p01,2024-01-13 19:00:00,3922
p01,2024-01-13 20:00:00,2309
p01,2024-01-13 21:00:00,138
p01,2024-01-13 22:00:00,98
p01,2024-01-13 23:00:00,177
p01,2024-01-14 00:00:00,0
p01,2024-01-14 01:00:00,0
p01,2024-01-14 02:00:00,0
p01,2024-01-14 03:00:00,0
p01,2024-01-14 04:00:00,0
p01,2024-01-14 05:00:00,0
p01,2024-01-14 06:00:00,1696
p01,2024-01-14 07:00:00,1924
p01,2024-01-14 08:00:00,1679
p01,2024-01-14 09:00:00,1579
p01,2024-01-14 10:00:00,1411
p01,2024-01-14 11:00:00,2343
p01,2024-01-14 12:00:00,1455
p01,2024-01-14 13:00:00,1029
p01,2024-01-14 14:00:00,1251
p01,2024-01-14 15:00:00,1799
p01,2024-01-14 16:00:00,859
p01,2024-01-14 17:00:00,1596
p01,2024-01-14 18:00:00,507
p01,2024-01-14 19:00:00,670
p01,2024-01-14 20:00:00,365
p01,2024-01-14 21:00:00,159
p01,2024-01-14 22:00:00,151
p01,2024-01-14 23:00:00,144
p02,2024-01-01 00:00:00,0
p02,2024-01-01 01:00:00,0
p02,2024-01-01 02:00:00,0
p02,2024-01-01 03:00:00,0
p02,2024-01-01 04:00:00,0
p02,2024-01-01 05:00:00,0
p02,2024-01-01 06:00:00,539
p02,2024-01-01 07:00:00,1552
p02,2024-01-01 08:00:00,1620
p02,2024-01-01 09:00:00,2346
p02,2024-01-01 10:00:00,918
p02,2024-01-01 11:00:00,1019
p02,2024-01-01 12:00:00,698
p02,2024-01-01 13:00:00,764
p02,2024-01-01 14:00:00,1592
p02,2024-01-01 15:00:00,1837
p02,2024-01-01 16:00:00,930
p02,2024-01-01 17:00:00,900
p02,2024-01-01 18:00:00,1251
p02,2024-01-01 19:00:00,1678
p02,2024-01-01 20:00:00,3139
p02,2024-01-01 21:00:00,159
p02,2024-01-01 22:00:00,149
p02,2024-01-01 23:00:00,167
p02,2024-01-02 00:00:00,0
p02,2024-01-02 01:00:00,0
p02,2024-01-02 02:00:00,0
p02,2024-01-02 03:00:00,0
p02,2024-01-02 04:00:00,0
p02,2024-01-02 05:00:00,0
p02,2024-01-02 06:00:00,1935
p02,2024-01-02 07:00:00,1398
p02,2024-01-02 08:00:00,1154
p02,2024-01-02 09:00:00,902
p02,2024-01-02 10:00:00,2291
p02,2024-01-02 11:00:00,1180
p02,2024-01-02 12:00:00,1165
p02,2024-01-02 13:00:00,1278
p02,2024-01-02 14:00:00,1540
p02,2024-01-02 15:00:00,1688
p02,2024-01-02 16:00:00,971
p02,2024-01-02 17:00:00,1533
p02,2024-01-02 18:00:00,640
p02,2024-01-02 19:00:00,674
p02,2024-01-02 20:00:00,355
p02,2024-01-02 21:00:00,176
p02,2024-01-02 22:00:00,9
p02,2024-01-02 23:00:00,37
p02,2024-01-03 00:00:00,0
p02,2024-01-03 01:00:00,0
p02,2024-01-03 02:00:00,0
p02,2024-01-03 03:00:00,0
p02,2024-01-03 04:00:00,0
p02,2024-01-03 05:00:00,0
p02,2024-01-03 06:00:00,1191
p02,2024-01-03 07:00:00,742
p02,2024-01-03 08:00:00,1939
p02,2024-01-03 09:00:00,1734
p02,2024-01-03 10:00:00,1589
p02,2024-01-03 11:00:00,978
p02,2024-01-03 12:00:00,811
p02,2024-01-03 13:00:00,1467
p02,2024-01-03 14:00:00,1978
p02,2024-01-03 15:00:00,1626
p02,2024-01-03 16:00:00,1470
p02,2024-01-03 17:00:00,1614
p02,2024-01-03 18:00:00,1728
p02,2024-01-03 19:00:00,1769
p02,2024-01-03 20:00:00,3742
p02,2024-01-03 21:00:00,59
p02,2024-01-03 22:00:00,48
p02,2024-01-03 23:00:00,198
p02,2024-01-04 00:00:00,0
p02,2024-01-04 01:00:00,0
p02,2024-01-04 02:00:00,0
p02,2024-01-04 03:00:00,0
p02,2024-01-04 04:00:00,0
p02,2024-01-04 05:00:00,0
p02,2024-01-04 06:00:00,1755
p02,2024-01-04 07:00:00,1546
p02,2024-01-04 08:00:00,1535
p02,2024-01-04 09:00:00,1028
p02,2024-01-04 10:00:00,1066
p02,2024-01-04 11:00:00,1719
p02,2024-01-04 12:00:00,606
p02,2024-01-04 13:00:00,711
p02,2024-01-04 14:00:00,1650
p02,2024-01-04 15:00:00,1211
p02,2024-01-04 16:00:00,1182
p02,2024-01-04 17:00:00,1570
p02,2024-01-04 18:00:00,575
p02,2024-01-04 19:00:00,368
p02,2024-01-04 20:00:00,424
p02,2024-01-04 21:00:00,51
p02,2024-01-04 22:00:00,122
p02,2024-01-04 23:00:00,179
p02,2024-01-05 00:00:00,0
p02,2024-01-05 01:00:00,0
p02,2024-01-05 02:00:00,0
p02,2024-01-05 03:00:00,0
p02,2024-01-05 04:00:00,0
p02,2024-01-05 05:00:00,0
p02,2024-01-05 06:00:00,1811
p02,2024-01-05 07:00:00,807
p02,2024-01-05 08:00:00,1112
p02,2024-01-05 09:00:00,2280
p02,2024-01-05 10:00:00,2340
p02,2024-01-05 11:00:00,2329
p02,2024-01-05 12:00:00,1224
p02,2024-01-05 13:00:00,1038
p02,2024-01-05 14:00:00,1977
p02,2024-01-05 15:00:00,944
p02,2024-01-05 16:00:00,1115
p02,2024-01-05 17:00:00,850
p02,2024-01-05 18:00:00,3612
p02,2024-01-05 19:00:00,3865
p02,2024-01-05 20:00:00,3672
p02,2024-01-05 21:00:00,59
p02,2024-01-05 22:00:00,186
p02,2024-01-05 23:00:00,132
p02,2024-01-06 00:00:00,0
p02,2024-01-06 01:00:00,0
p02,2024-01-06 02:00:00,0
p02,2024-01-06 03:00:00,0
p02,2024-01-06 04:00:00,0
p02,2024-01-06 05:00:00,0
p02,2024-01-06 06:00:00,734
p02,2024-01-06 07:00:00,1158
p02,2024-01-06 08:00:00,1293
p02,2024-01-06 09:00:00,2230
p02,2024-01-06 10:00:00,2430
p02,2024-01-06 11:00:00,1231
p02,2024-01-06 12:00:00,983
p02,2024-01-06 13:00:00,908
p02,2024-01-06 14:00:00,1401
p02,2024-01-06 15:00:00,1879
p02,2024-01-06 16:00:00,1420
p02,2024-01-06 17:00:00,1067
p02,2024-01-06 18:00:00,391
p02,2024-01-06 19:00:00,652
p02,2024-01-06 20:00:00,666
p02,2024-01-06 21:00:00,182
p02,2024-01-06 22:00:00,127
p02,2024-01-06 23:00:00,99
p02,2024-01-07 00:00:00,0
p02,2024-01-07 01:00:00,0
p02,2024-01-07 02:00:00,0
p02,2024-01-07 03:00:00,0
p02,2024-01-07 04:00:00,0
p02,2024-01-07 05:00:00,0
p02,2024-01-07 06:00:00,1131
p02,2024-01-07 07:00:00,1526
p02,2024-01-07 08:00:00,815
p02,2024-01-07 09:00:00,1968
p02,2024-01-07 10:00:00,1570
p02,2024-01-07 11:00:00,1978
p02,2024-01-07 12:00:00,1082
p02,2024-01-07 13:00:00,1155
p02,2024-01-07 14:00:00,1796
p02,2024-01-07 15:00:00,1786
p02,2024-01-07 16:00:00,1221
p02,2024-01-07 17:00:00,1717
p02,2024-01-07 18:00:00,3227
p02,2024-01-07 19:00:00,2746
p02,2024-01-07 20:00:00,2469
p02,2024-01-07 21:00:00,1
p02,2024-01-07 22:00:00,10
p02,2024-01-07 23:00:00,22
p02,2024-01-08 00:00:00,0
p02,2024-01-08 01:00:00,0
p02,2024-01-08 02:00:00,0
p02,2024-01-08 03:00:00,0
p02,2024-01-08 04:00:00,0
p02,2024-01-08 05:00:00,0
p02,2024-01-08 06:00:00,1799
p02,2024-01-08 07:00:00,1928
p02,2024-01-08 08:00:00,911
p02,2024-01-08 09:00:00,2057
p02,2024-01-08 10:00:00,1613
p02,2024-01-08 11:00:00,880
p02,2024-01-08 12:00:00,627
p02,2024-01-08 13:00:00,673
p02,2024-01-08 14:00:00,1259
p02,2024-01-08 15:00:00,1330
p02,2024-01-08 16:00:00,1144
p02,2024-01-08 17:00:00,1457
p02,2024-01-08 18:00:00,784
p02,2024-01-08 19:00:00,621
p02,2024-01-08 20:00:00,468
p02,2024-01-08 21:00:00,117
p02,2024-01-08 22:00:00,113
p02,2024-01-08 23:00:00,111
p02,2024-01-09 00:00:00,0
p02,2024-01-09 01:00:00,0
p02,2024-01-09 02:00:00,0
p02,2024-01-09 03:00:00,0
p02,2024-01-09 04:00:00,0
p02,2024-01-09 05:00:00,0
p02,2024-01-09 06:00:00,730
p02,2024-01-09 07:00:00,654
p02,2024-01-09 08:00:00,751
p02,2024-01-09 09:00:00,840
p02,2024-01-09 10:00:00,2215
p02,2024-01-09 11:00:00,2142
p02,2024-01-09 12:00:00,836
p02,2024-01-09 13:00:00,1108
p02,2024-01-09 14:00:00,1441
p02,2024-01-09 15:00:00,1549
p02,2024-01-09 16:00:00,822
p02,2024-01-09 17:00:00,1871
p02,2024-01-09 18:00:00,2771
p02,2024-01-09 19:00:00,1155
p02,2024-01-09 20:00:00,3690
p02,2024-01-09 21:00:00,26
p02,2024-01-09 22:00:00,130
p02,2024-01-09 23:00:00,5
p02,2024-01-10 00:00:00,0
p02,2024-01-10 01:00:00,0
p02,2024-01-10 02:00:00,0
p02,2024-01-10 03:00:00,0
p02,2024-01-10 04:00:00,0
p02,2024-01-10 05:00:00,0
p02,2024-01-10 06:00:00,1754
p02,2024-01-10 07:00:00,521
p02,2024-01-10 08:00:00,1017
p02,2024-01-10 09:00:00,1903
p02,2024-01-10 10:00:00,1428
p02,2024-01-10 11:00:00,866
p02,2024-01-10 12:00:00,909
p02,2024-01-10 13:00:00,1401
p02,2024-01-10 14:00:00,1523
p02,2024-01-10 15:00:00,890
p02,2024-01-10 16:00:00,1053
p02,2024-01-10 17:00:00,1652
p02,2024-01-10 18:00:00,444
p02,2024-01-10 19:00:00,772
p02,2024-01-10 20:00:00,791
p02,2024-01-10 21:00:00,47
p02,2024-01-10 22:00:00,110
p02,2024-01-10 23:00:00,122
p02,2024-01-11 00:00:00,0
p02,2024-01-11 01:00:00,0
p02,2024-01-11 02:00:00,0
p02,2024-01-11 03:00:00,0
p02,2024-01-11 04:00:00,0
p02,2024-01-11 05:00:00,0
p02,2024-01-11 06:00:00,1766
p02,2024-01-11 07:00:00,1541
p02,2024-01-11 08:00:00,1630
p02,2024-01-11 09:00:00,1786
p02,2024-01-11 10:00:00,2153
p02,2024-01-11 11:00:00,2432
p02,2024-01-11 12:00:00,1479
p02,2024-01-11 13:00:00,636
p02,2024-01-11 14:00:00,1146
p02,2024-01-11 15:00:00,1395
p02,2024-01-11 16:00:00,1455
p02,2024-01-11 17:00:00,1117
p02,2024-01-11 18:00:00,2693
p02,2024-01-11 19:00:00,3372
p02,2024-01-11 20:00:00,2023
p02,2024-01-11 21:00:00,142
p02,2024-01-11 22:00:00,181
p02,2024-01-11 23:00:00,2
p02,2024-01-12 00:00:00,0
p02,2024-01-12 01:00:00,0
p02,2024-01-12 02:00:00,0
p02,2024-01-12 03:00:00,0
p02,2024-01-12 04:00:00,0
p02,2024-01-12 05:00:00,0
p02,2024-01-12 06:00:00,1188
p02,2024-01-12 07:00:00,1023
p02,2024-01-12 08:00:00,1895
p02,2024-01-12 09:00:00,2436
p02,2024-01-12 10:00:00,1974
p02,2024-01-12 11:00:00,1703
p02,2024-01-12 12:00:00,770
p02,2024-01-12 13:00:00,694
p02,2024-01-12 14:00:00,1077
p02,2024-01-12 15:00:00,1878
p02,2024-01-12 16:00:00,941
p02,2024-01-12 17:00:00,1560
p02,2024-01-12 18:00:00,720
p02,2024-01-12 19:00:00,341
p02,2024-01-12 20:00:00,334
p02,2024-01-12 21:00:00,193
p02,2024-01-12 22:00:00,106
p02,2024-01-12 23:00:00,72
p02,2024-01-13 00:00:00,0
p02,2024-01-13 01:00:00,0
p02,2024-01-13 02:00:00,0
p02,2024-01-13 03:00:00,0
p02,2024-01-13 04:00:00,0
p02,2024-01-13 05:00:00,0
p02,2024-01-13 06:00:00,1659
p02,2024-01-13 07:00:00,1213
p02,2024-01-13 08:00:00,1688
p02,2024-01-13 09:00:00,839
p02,2024-01-13 10:00:00,1175
p02,2024-01-13 11:00:00,2127
p02,2024-01-13 12:00:00,1447
p02,2024-01-13 13:00:00,1055
p02,2024-01-13 14:00:00,1484
p02,2024-01-13 15:00:00,1407
p02,2024-01-13 16:00:00,1676
p02,2024-01-13 17:00:00,1928
p02,2024-01-13 18:00:00,2345
p02,2024-01-13 19:00:00,1937
p02,2024-01-13 20:00:00,2997
p02,2024-01-13 21:00:00,21
p02,2024-01-13 22:00:00,123
p02,2024-01-13 23:00:00,178
p02,2024-01-14 00:00:00,0
p02,2024-01-14 01:00:00,0
p02,2024-01-14 02:00:00,0
p02,2024-01-14 03:00:00,0
p02,2024-01-14 04:00:00,0
p02,2024-01-14 05:00:00,0
p02,2024-01-14 06:00:00,1670
p02,2024-01-14 07:00:00,1148
p02,2024-01-14 08:00:00,1471
p02,2024-01-14 09:00:00,1617
p02,2024-01-14 10:00:00,1069
p02,2024-01-14 11:00:00,918
p02,2024-01-14 12:00:00,1183
p02,2024-01-14 13:00:00,1037
p02,2024-01-14 14:00:00,1876
p02,2024-01-14 15:00:00,1309
p02,2024-01-14 16:00:00,857
p02,2024-01-14 17:00:00,1727
p02,2024-01-14 18:00:00,667
p02,2024-01-14 19:00:00,762
p02,2024-01-14 20:00:00,515
p02,2024-01-14 21:00:00,141
p02,2024-01-14 22:00:00,90
p02,2024-01-14 23:00:00,168
p03,2024-01-01 00:00:00,0
p03,2024-01-01 01:00:00,0
p03,2024-01-01 02:00:00,0
p03,2024-01-01 03:00:00,0
p03,2024-01-01 04:00:00,0
p03,2024-01-01 05:00:00,0
p03,2024-01-01 06:00:00,820
p03,2024-01-01 07:00:00,1552
p03,2024-01-01 08:00:00,1798
p03,2024-01-01 09:00:00,1575
p03,2024-01-01 10:00:00,2172
p03,2024-01-01 11:00:00,1467
p03,2024-01-01 12:00:00,889
p03,2024-01-01 13:00:00,1232
p03,2024-01-01 14:00:00,993
p03,2024-01-01 15:00:00,1352
p03,2024-01-01 16:00:00,1393
p03,2024-01-01 17:00:00,871
p03,2024-01-01 18:00:00,2950
p03,2024-01-01 19:00:00,1780
p03,2024-01-01 20:00:00,2015
p03,2024-01-01 21:00:00,198
p03,2024-01-01 22:00:00,174
p03,2024-01-01 23:00:00,111
p03,2024-01-02 00:00:00,0
p03,2024-01-02 01:00:00,0
p03,2024-01-02 02:00:00,0
p03,2024-01-02 03:00:00,0
p03,2024-01-02 04:00:00,0
p03,2024-01-02 05:00:00,0
p03,2024-01-02 06:00:00,1607
p03,2024-01-02 07:00:00,808
p03,2024-01-02 08:00:00,1900
p03,2024-01-02 09:00:00,1508
p03,2024-01-02 10:00:00,2310
p03,2024-01-02 11:00:00,889
p03,2024-01-02 12:00:00,614
p03,2024-01-02 13:00:00,1193
p03,2024-01-02 14:00:00,1912
p03,2024-01-02 15:00:00,1376
p03,2024-01-02 16:00:00,1207
p03,2024-01-02 17:00:00,1628
p03,2024-01-02 18:00:00,729
p03,2024-01-02 19:00:00,414
p03,2024-01-02 20:00:00,521
p03,2024-01-02 21:00:00,194
p03,2024-01-02 22:00:00,31
p03,2024-01-02 23:00:00,36
p03,2024-01-03 00:00:00,0
p03,2024-01-03 01:00:00,0
p03,2024-01-03 02:00:00,0
p03,2024-01-03 03:00:00,0
p03,2024-01-03 04:00:00,0
p03,2024-01-03 05:00:00,0
p03,2024-01-03 06:00:00,1060
p03,2024-01-03 07:00:00,865
p03,2024-01-03 08:00:00,894
p03,2024-01-03 09:00:00,924
p03,2024-01-03 10:00:00,1337
p03,2024-01-03 11:00:00,932
p03,2024-01-03 12:00:00,1407
p03,2024-01-03 13:00:00,1214
p03,2024-01-03 14:00:00,933
p03,2024-01-03 15:00:00,1381
p03,2024-01-03 16:00:00,1418
p03,2024-01-03 17:00:00,1920
p03,2024-01-03 18:00:00,2300
p03,2024-01-03 19:00:00,2032
p03,2024-01-03 20:00:00,1542
p03,2024-01-03 21:00:00,19
p03,2024-01-03 22:00:00,88
p03,2024-01-03 23:00:00,113
p03,2024-01-04 00:00:00,0
p03,2024-01-04 01:00:00,0
p03,2024-01-04 02:00:00,0
p03,2024-01-04 03:00:00,0
p03,2024-01-04 04:00:00,0
p03,2024-01-04 05:00:00,0
p03,2024-01-04 06:00:00,1646
p03,2024-01-04 07:00:00,1498
p03,2024-01-04 08:00:00,1344
p03,2024-01-04 09:00:00,2217
p03,2024-01-04 10:00:00,1312
p03,2024-01-04 11:00:00,1069
p03,2024-01-04 12:00:00,1140
p03,2024-01-04 13:00:00,715
p03,2024-01-04 14:00:00,1816
p03,2024-01-04 15:00:00,1097
p03,2024-01-04 16:00:00,1630
p03,2024-01-04 17:00:00,1624
p03,2024-01-04 18:00:00,680
p03,2024-01-04 19:00:00,787
p03,2024-01-04 20:00:00,412
p03,2024-01-04 21:00:00,40
p03,2024-01-04 22:00:00,1
p03,2024-01-04 23:00:00,85
p03,2024-01-05 00:00:00,0
p03,2024-01-05 01:00:00,0
p03,2024-01-05 02:00:00,0
p03,2024-01-05 03:00:00,0
p03,2024-01-05 04:00:00,0
p03,2024-01-05 05:00:00,0
p03,2024-01-05 06:00:00,1526
p03,2024-01-05 07:00:00,604
p03,2024-01-05 08:00:00,762
p03,2024-01-05 09:00:00,1375
p03,2024-01-05 10:00:00,2190
p03,2024-01-05 11:00:00,2068
p03,2024-01-05 12:00:00,1207
p03,2024-01-05 13:00:00,926
p03,2024-01-05 14:00:00,1391
p03,2024-01-05 15:00:00,833
p03,2024-01-05 16:00:00,1199
p03,2024-01-05 17:00:00,832
p03,2024-01-05 18:00:00,1473
p03,2024-01-05 19:00:00,1645
p03,2024-01-05 20:00:00,2118
p03,2024-01-05 21:00:00,96
p03,2024-01-05 22:00:00,70
p03,2024-01-05 23:00:00,38
p03,2024-01-06 00:00:00,0
p03,2024-01-06 01:00:00,0
p03,2024-01-06 02:00:00,0
p03,2024-01-06 03:00:00,0
p03,2024-01-06 04:00:00,0
p03,2024-01-06 05:00:00,0
p03,2024-01-06 06:00:00,1498
p03,2024-01-06 07:00:00,1467
p03,2024-01-06 08:00:00,1683
p03,2024-01-06 09:00:00,1711
p03,2024-01-06 10:00:00,1737
p03,2024-01-06 11:00:00,1029
p03,2024-01-06 12:00:00,797
p03,2024-01-06 13:00:00,857
p03,2024-01-06 14:00:00,1156
p03,2024-01-06 15:00:00,1506
p03,2024-01-06 16:00:00,1679
p03,2024-01-06 17:00:00,1426
p03,2024-01-06 18:00:00,782
p03,2024-01-06 19:00:00,659
p03,2024-01-06 20:00:00,710
p03,2024-01-06 21:00:00,137
p03,2024-01-06 22:00:00,163
p03,2024-01-06 23:00:00,53
p03,2024-01-07 00:00:00,0
p03,2024-01-07 01:00:00,0
p03,2024-01-07 02:00:00,0
p03,2024-01-07 03:00:00,0
p03,2024-01-07 04:00:00,0
p03,2024-01-07 05:00:00,0
p03,2024-01-07 06:00:00,1098
p03,2024-01-07 07:00:00,844
p03,2024-01-07 08:00:00,1197
p03,2024-01-07 09:00:00,2166
p03,2024-01-07 10:00:00,922
p03,2024-01-07 11:00:00,2433
p03,2024-01-07 12:00:00,1309
p03,2024-01-07 13:00:00,674
p03,2024-01-07 14:00:00,1702
p03,2024-01-07 15:00:00,1330
p03,2024-01-07 16:00:00,854
p03,2024-01-07 17:00:00,1532
p03,2024-01-07 18:00:00,1223
p03,2024-01-07 19:00:00,1075
p03,2024-01-07 20:00:00,2390
p03,2024-01-07 21:00:00,167
p03,2024-01-07 22:00:00,84
p03,2024-01-07 23:00:00,114
p03,2024-01-08 00:00:00,0
p03,2024-01-08 01:00:00,0
p03,2024-01-08 02:00:00,0
p03,2024-01-08 03:00:00,0
p03,2024-01-08 04:00:00,0
p03,2024-01-08 05:00:00,0
p03,2024-01-08 06:00:00,731
p03,2024-01-08 07:00:00,1737
p03,2024-01-08 08:00:00,1683
p03,2024-01-08 09:00:00,1929
p03,2024-01-08 10:00:00,1596
p03,2024-01-08 11:00:00,1789
p03,2024-01-08 12:00:00,1289
p03,2024-01-08 13:00:00,819
p03,2024-01-08 14:00:00,1030
p03,2024-01-08 15:00:00,1875
p03,2024-01-08 16:00:00,995
p03,2024-01-08 17:00:00,1323
p03,2024-01-08 18:00:00,713
p03,2024-01-08 19:00:00,715
p03,2024-01-08 20:00:00,616
p03,2024-01-08 21:00:00,130
p03,2024-01-08 22:00:00,85
p03,2024-01-08 23:00:00,50
p03,2024-01-09 00:00:00,0
p03,2024-01-09 01:00:00,0
p03,2024-01-09 02:00:00,0
p03,2024-01-09 03:00:00,0
p03,2024-01-09 04:00:00,0
p03,2024-01-09 05:00:00,0
p03,2024-01-09 06:00:00,1186
p03,2024-01-09 07:00:00,1362
p03,2024-01-09 08:00:00,1300
p03,2024-01-09 09:00:00,1468
p03,2024-01-09 10:00:00,1333
p03,2024-01-09 11:00:00,2004
p03,2024-01-09 12:00:00,1094
p03,2024-01-09 13:00:00,1380
p03,2024-01-09 14:00:00,1018
p03,2024-01-09 15:00:00,1369
p03,2024-01-09 16:00:00,1390
p03,2024-01-09 17:00:00,1962
p03,2024-01-09 18:00:00,2865
p03,2024-01-09 19:00:00,1050
p03,2024-01-09 20:00:00,3006
p03,2024-01-09 21:00:00,79
p03,2024-01-09 22:00:00,172
p03,2024-01-09 23:00:00,58
p03,2024-01-10 00:00:00,0
p03,2024-01-10 01:00:00,0
p03,2024-01-10 02:00:00,0
p03,2024-01-10 03:00:00,0
p03,2024-01-10 04:00:00,0
p03,2024-01-10 05:00:00,0
p03,2024-01-10 06:00:00,977
p03,2024-01-10 07:00:00,1946
p03,2024-01-10 08:00:00,1116
p03,2024-01-10 09:00:00,1964
p03,2024-01-10 10:00:00,1610
p03,2024-01-10 11:00:00,1417
p03,2024-01-10 12:00:00,1231
p03,2024-01-10 13:00:00,1009
p03,2024-01-10 14:00:00,1359
p03,2024-01-10 15:00:00,959
p03,2024-01-10 16:00:00,1924
p03,2024-01-10 17:00:00,1513
p03,2024-01-10 18:00:00,581
p03,2024-01-10 19:00:00,625
p03,2024-01-10 20:00:00,555
p03,2024-01-10 21:00:00,89
p03,2024-01-10 22:00:00,40
p03,2024-01-10 23:00:00,66
p03,2024-01-11 00:00:00,0
p03,2024-01-11 01:00:00,0
p03,2024-01-11 02:00:00,0
p03,2024-01-11 03:00:00,0
p03,2024-01-11 04:00:00,0
p03,2024-01-11 05:00:00,0
p03,2024-01-11 06:00:00,1028
p03,2024-01-11 07:00:00,523
p03,2024-01-11 08:00:00,1442
p03,2024-01-11 09:00:00,2085
p03,2024-01-11 10:00:00,1429
p03,2024-01-11 11:00:00,861
p03,2024-01-11 12:00:00,1043
p03,2024-01-11 13:00:00,1478
p03,2024-01-11 14:00:00,975
p03,2024-01-11 15:00:00,1413
p03,2024-01-11 16:00:00,1206
p03,2024-01-11 17:00:00,1037
p03,2024-01-11 18:00:00,2835
p03,2024-01-11 19:00:00,3086
p03,2024-01-11 20:00:00,3890
p03,2024-01-11 21:00:00,94
p03,2024-01-11 22:00:00,39
p03,2024-01-11 23:00:00,80
p03,2024-01-12 00:00:00,0
p03,2024-01-12 01:00:00,0
p03,2024-01-12 02:00:00,0
p03,2024-01-12 03:00:00,0
p03,2024-01-12 04:00:00,0
p03,2024-01-12 05:00:00,0
p03,2024-01-12 06:00:00,1550
p03,2024-01-12 07:00:00,1381
p03,2024-01-12 08:00:00,859
p03,2024-01-12 09:00:00,2071
p03,2024-01-12 10:00:00,1435
p03,2024-01-12 11:00:00,1047
p03,2024-01-12 12:00:00,750
p03,2024-01-12 13:00:00,1225
p03,2024-01-12 14:00:00,893
p03,2024-01-12 15:00:00,1172
p03,2024-01-12 16:00:00,821
p03,2024-01-12 17:00:00,1574
p03,2024-01-12 18:00:00,776
p03,2024-01-12 19:00:00,401
p03,2024-01-12 20:00:00,683
p03,2024-01-12 21:00:00,141
p03,2024-01-12 22:00:00,9
p03,2024-01-12 23:00:00,43
p03,2024-01-13 00:00:00,0
p03,2024-01-13 01:00:00,0
p03,2024-01-13 02:00:00,0
p03,2024-01-13 03:00:00,0
p03,2024-01-13 04:00:00,0
p03,2024-01-13 05:00:00,0
p03,2024-01-13 06:00:00,1823
p03,2024-01-13 07:00:00,666
p03,2024-01-13 08:00:00,992
p03,2024-01-13 09:00:00,1352
p03,2024-01-13 10:00:00,2197
p03,2024-01-13 11:00:00,2397
p03,2024-01-13 12:00:00,894
p03,2024-01-13 13:00:00,625
p03,2024-01-13 14:00:00,1146
p03,2024-01-13 15:00:00,1440
p03,2024-01-13 16:00:00,864
p03,2024-01-13 17:00:00,1229
p03,2024-01-13 18:00:00,3727
p03,2024-01-13 19:00:00,1107
p03,2024-01-13 20:00:00,3415
p03,2024-01-13 21:00:00,104
p03,2024-01-13 22:00:00,100
p03,2024-01-13 23:00:00,32
p03,2024-01-14 00:00:00,0
p03,2024-01-14 01:00:00,0
p03,2024-01-14 02:00:00,0
p03,2024-01-14 03:00:00,0
p03,2024-01-14 04:00:00,0
p03,2024-01-14 05:00:00,0
p03,2024-01-14 06:00:00,824
p03,2024-01-14 07:00:00,924
p03,2024-01-14 08:00:00,1865
p03,2024-01-14 09:00:00,834
p03,2024-01-14 10:00:00,2136
p03,2024-01-14 11:00:00,1052
p03,2024-01-14 12:00:00,1445
p03,2024-01-14 13:00:00,1263
p03,2024-01-14 14:00:00,1094
p03,2024-01-14 15:00:00,1102
p03,2024-01-14 16:00:00,942
p03,2024-01-14 17:00:00,1124
p03,2024-01-14 18:00:00,433
p03,2024-01-14 19:00:00,459
p03,2024-01-14 20:00:00,714
p03,2024-01-14 21:00:00,58
p03,2024-01-14 22:00:00,106
p03,2024-01-14 23:00:00,8
p04,2024-01-01 00:00:00,0
p04,2024-01-01 01:00:00,0
p04,2024-01-01 02:00:00,0
p04,2024-01-01 03:00:00,0
p04,2024-01-01 04:00:00,0
p04,2024-01-01 05:00:00,0
p04,2024-01-01 06:00:00,1137
p04,2024-01-01 07:00:00,1829
p04,2024-01-01 08:00:00,776
p04,2024-01-01 09:00:00,1356
p04,2024-01-01 10:00:00,1232
p04,2024-01-01 11:00:00,2357
p04,2024-01-01 12:00:00,1017
p04,2024-01-01 13:00:00,746
p04,2024-01-01 14:00:00,1152
p04,2024-01-01 15:00:00,1456
p04,2024-01-01 16:00:00,1455
p04,2024-01-01 17:00:00,992
p04,2024-01-01 18:00:00,2345
p04,2024-01-01 19:00:00,2298
p04,2024-01-01 20:00:00,3173
p04,2024-01-01 21:00:00,169
p04,2024-01-01 22:00:00,158
p04,2024-01-01 23:00:00,179
p04,2024-01-02 00:00:00,0
p04,2024-01-02 01:00:00,0
p04,2024-01-02 02:00:00,0
p04,2024-01-02 03:00:00,0
p04,2024-01-02 04:00:00,0
p04,2024-01-02 05:00:00,0
p04,2024-01-02 06:00:00,1523
p04,2024-01-02 07:00:00,1957
p04,2024-01-02 08:00:00,1348
p04,2024-01-02 09:00:00,1588
p04,2024-01-02 10:00:00,1732
p04,2024-01-02 11:00:00,1935
p04,2024-01-02 12:00:00,1127
p04,2024-01-02 13:00:00,1227
p04,2024-01-02 14:00:00,1912
p04,2024-01-02 15:00:00,1866
p04,2024-01-02 16:00:00,1144
p04,2024-01-02 17:00:00,1174
p04,2024-01-02 18:00:00,505
p04,2024-01-02 19:00:00,783
p04,2024-01-02 20:00:00,768
p04,2024-01-02 21:00:00,147
p04,2024-01-02 22:00:00,116
p04,2024-01-02 23:00:00,112
p04,2024-01-03 00:00:00,0
p04,2024-01-03 01:00:00,0
p04,2024-01-03 02:00:00,0
p04,2024-01-03 03:00:00,0
p04,2024-01-03 04:00:00,0
p04,2024-01-03 05:00:00,0
p04,2024-01-03 06:00:00,1723
p04,2024-01-03 07:00:00,1037
p04,2024-01-03 08:00:00,1750
p04,2024-01-03 09:00:00,1239
p04,2024-01-03 10:00:00,932
p04,2024-01-03 11:00:00,2218
p04,2024-01-03 12:00:00,1217
p04,2024-01-03 13:00:00,767
p04,2024-01-03 14:00:00,1715
p04,2024-01-03 15:00:00,1596
p04,2024-01-03 16:00:00,1623
p04,2024-01-03 17:00:00,1572
p04,2024-01-03 18:00:00,1123
p04,2024-01-03 19:00:00,1295
p04,2024-01-03 20:00:00,3834
p04,2024-01-03 21:00:00,106
p04,2024-01-03 22:00:00,147
p04,2024-01-03 23:00:00,55
p04,2024-01-04 00:00:00,0
p04,2024-01-04 01:00:00,0
p04,2024-01-04 02:00:00,0
p04,2024-01-04 03:00:00,0
p04,2024-01-04 04:00:00,0
p04,2024-01-04 05:00:00,0
p04,2024-01-04 06:00:00,1456
p04,2024-01-04 07:00:00,1834
p04,2024-01-04 08:00:00,977
p04,2024-01-04 09:00:00,1976
p04,2024-01-04 10:00:00,900
p04,2024-01-04 11:00:00,974
p04,2024-01-04 12:00:00,1268
p04,2024-01-04 13:00:00,888
p04,2024-01-04 14:00:00,1877
p04,2024-01-04 15:00:00,1580
p04,2024-01-04 16:00:00,1628
p04,2024-01-04 17:00:00,1748
p04,2024-01-04 18:00:00,322
p04,2024-01-04 19:00:00,497
p04,2024-01-04 20:00:00,342
p04,2024-01-04 21:00:00,92
p04,2024-01-04 22:00:00,141
p04,2024-01-04 23:00:00,37
p04,2024-01-05 00:00:00,0
p04,2024-01-05 01:00:00,0
p04,2024-01-05 02:00:00,0
p04,2024-01-05 03:00:00,0
p04,2024-01-05 04:00:00,0
p04,2024-01-05 05:00:00,0
p04,2024-01-05 06:00:00,1688
p04,2024-01-05 07:00:00,703
p04,2024-01-05 08:00:00,777
p04,2024-01-05 09:00:00,2082
p04,2024-01-05 10:00:00,968
p04,2024-01-05 11:00:00,2280
p04,2024-01-05 12:00:00,918
p04,2024-01-05 13:00:00,884
p04,2024-01-05 14:00:00,1934
p04,2024-01-05 15:00:00,1098
p04,2024-01-05 16:00:00,1618
p04,2024-01-05 17:00:00,1980
p04,2024-01-05 18:00:00,1923
p04,2024-01-05 19:00:00,1079
p04,2024-01-05 20:00:00,1189
p04,2024-01-05 21:00:00,125
p04,2024-01-05 22:00:00,86
p04,2024-01-05 23:00:00,84
p04,2024-01-06 00:00:00,0
p04,2024-01-06 01:00:00,0
p04,2024-01-06 02:00:00,0
p04,2024-01-06 03:00:00,0
p04,2024-01-06 04:00:00,0
p04,2024-01-06 05:00:00,0
p04,2024-01-06 06:00:00,1595
p04,2024-01-06 07:00:00,1079
p04,2024-01-06 08:00:00,844
p04,2024-01-06 09:00:00,2150
p04,2024-01-06 10:00:00,2347
p04,2024-01-06 11:00:00,1753
p04,2024-01-06 12:00:00,1191
p04,2024-01-06 13:00:00,1119
p04,2024-01-06 14:00:00,1865
p04,2024-01-06 15:00:00,1489
p04,2024-01-06 16:00:00,1088
p04,2024-01-06 17:00:00,1644
p04,2024-01-06 18:00:00,567
p04,2024-01-06 19:00:00,552
p04,2024-01-06 20:00:00,511
p04,2024-01-06 21:00:00,48
p04,2024-01-06 22:00:00,159
p04,2024-01-06 23:00:00,165
p04,2024-01-07 00:00:00,0
p04,2024-01-07 01:00:00,0
p04,2024-01-07 02:00:00,0
p04,2024-01-07 03:00:00,0
p04,2024-01-07 04:00:00,0
p04,2024-01-07 05:00:00,0
p04,2024-01-07 06:00:00,1249
p04,2024-01-07 07:00:00,589
p04,2024-01-07 08:00:00,885
p04,2024-01-07 09:00:00,1124
p04,2024-01-07 10:00:00,1773
p04,2024-01-07 11:00:00,2457
p04,2024-01-07 12:00:00,1144
p04,2024-01-07 13:00:00,1373
p04,2024-01-07 14:00:00,1988
p04,2024-01-07 15:00:00,1389
p04,2024-01-07 16:00:00,1131
p04,2024-01-07 17:00:00,1018
p04,2024-01-07 18:00:00,2140
p04,2024-01-07 19:00:00,2165
p04,2024-01-07 20:00:00,2707
p04,2024-01-07 21:00:00,94
p04,2024-01-07 22:00:00,159
p04,2024-01-07 23:00:00,114
p04,2024-01-08 00:00:00,0
p04,2024-01-08 01:00:00,0
p04,2024-01-08 02:00:00,0
p04,2024-01-08 03:00:00,0
p04,2024-01-08 04:00:00,0
p04,2024-01-08 05:00:00,0
p04,2024-01-08 06:00:00,1047
p04,2024-01-08 07:00:00,685
p04,2024-01-08 08:00:00,808
p04,2024-01-08 09:00:00,845
p04,2024-01-08 10:00:00,1381
p04,2024-01-08 11:00:00,839
p04,2024-01-08 12:00:00,1346
p04,2024-01-08 13:00:00,601
p04,2024-01-08 14:00:00,1642
p04,2024-01-08 15:00:00,1183
p04,2024-01-08 16:00:00,1827
p04,2024-01-08 17:00:00,1830
p04,2024-01-08 18:00:00,629
p04,2024-01-08 19:00:00,644
p04,2024-01-08 20:00:00,722
p04,2024-01-08 21:00:00,107
p04,2024-01-08 22:00:00,28
p04,2024-01-08 23:00:00,167
p04,2024-01-09 00:00:00,0
p04,2024-01-09 01:00:00,0
p04,2024-01-09 02:00:00,0
p04,2024-01-09 03:00:00,0
p04,2024-01-09 04:00:00,0
p04,2024-01-09 05:00:00,0
p04,2024-01-09 06:00:00,1078
p04,2024-01-09 07:00:00,950
p04,2024-01-09 08:00:00,763
p04,2024-01-09 09:00:00,804
p04,2024-01-09 10:00:00,2207
p04,2024-01-09 11:00:00,2291
p04,2024-01-09 12:00:00,1227
p04,2024-01-09 13:00:00,1435
p04,2024-01-09 14:00:00,975
p04,2024-01-09 15:00:00,1943
p04,2024-01-09 16:00:00,1562
p04,2024-01-09 17:00:00,1483
p04,2024-01-09 18:00:00,1962
p04,2024-01-09 19:00:00,1767
p04,2024-01-09 20:00:00,2757
p04,2024-01-09 21:00:00,130
p04,2024-01-09 22:00:00,79
p04,2024-01-09 23:00:00,64
p04,2024-01-10 00:00:00,0
p04,2024-01-10 01:00:00,0
p04,2024-01-10 02:00:00,0
p04,2024-01-10 03:00:00,0
p04,2024-01-10 04:00:00,0
p04,2024-01-10 05:00:00,0
p04,2024-01-10 06:00:00,1531
p04,2024-01-10 07:00:00,558
p04,2024-01-10 08:00:00,1197
p04,2024-01-10 09:00:00,1846
p04,2024-01-10 10:00:00,1264
p04,2024-01-10 11:00:00,1797
p04,2024-01-10 12:00:00,1068
p04,2024-01-10 13:00:00,832
p04,2024-01-10 14:00:00,1155
p04,2024-01-10 15:00:00,1256
p04,2024-01-10 16:00:00,1127
p04,2024-01-10 17:00:00,1966
p04,2024-01-10 18:00:00,370
p04,2024-01-10 19:00:00,418
p04,2024-01-10 20:00:00,543
p04,2024-01-10 21:00:00,123
p04,2024-01-10 22:00:00,77
p04,2024-01-10 23:00:00,128
p04,2024-01-11 00:00:00,0
p04,2024-01-11 01:00:00,0
p04,2024-01-11 02:00:00,0
p04,2024-01-11 03:00:00,0
p04,2024-01-11 04:00:00,0
p04,2024-01-11 05:00:00,0
p04,2024-01-11 06:00:00,1803
p04,2024-01-11 07:00:00,613
p04,2024-01-11 08:00:00,1796
p04,2024-01-11 09:00:00,2279
p04,2024-01-11 10:00:00,2448
p04,2024-01-11 11:00:00,1874
p04,2024-01-11 12:00:00,787
p04,2024-01-11 13:00:00,1360
p04,2024-01-11 14:00:00,1490
p04,2024-01-11 15:00:00,1271
p04,2024-01-11 16:00:00,863
p04,2024-01-11 17:00:00,1652
p04,2024-01-11 18:00:00,3134
p04,2024-01-11 19:00:00,1114
p04,2024-01-11 20:00:00,3505
p04,2024-01-11 21:00:00,48
p04,2024-01-11 22:00:00,90
p04,2024-01-11 23:00:00,190
p04,2024-01-12 00:00:00,0
p04,2024-01-12 01:00:00,0
p04,2024-01-12 02:00:00,0
p04,2024-01-12 03:00:00,0
p04,2024-01-12 04:00:00,0
p04,2024-01-12 05:00:00,0
p04,2024-01-12 06:00:00,788
p04,2024-01-12 07:00:00,1974
p04,2024-01-12 08:00:00,959
p04,2024-01-12 09:00:00,1038
p04,2024-01-12 10:00:00,2110
p04,2024-01-12 11:00:00,1907
p04,2024-01-12 12:00:00,718
p04,2024-01-12 13:00:00,1206
p04,2024-01-12 14:00:00,1004
p04,2024-01-12 15:00:00,1350
p04,2024-01-12 16:00:00,1293
p04,2024-01-12 17:00:00,808
p04,2024-01-12 18:00:00,422
p04,2024-01-12 19:00:00,334
p04,2024-01-12 20:00:00,477
p04,2024-01-12 21:00:00,34
p04,2024-01-12 22:00:00,185
p04,2024-01-12 23:00:00,140
p04,2024-01-13 00:00:00,0
p04,2024-01-13 01:00:00,0
p04,2024-01-13 02:00:00,0
p04,2024-01-13 03:00:00,0
p04,2024-01-13 04:00:00,0
p04,2024-01-13 05:00:00,0
p04,2024-01-13 06:00:00,1644
p04,2024-01-13 07:00:00,1265
p04,2024-01-13 08:00:00,842
p04,2024-01-13 09:00:00,1491
p04,2024-01-13 10:00:00,825
p04,2024-01-13 11:00:00,1139
p04,2024-01-13 12:00:00,612
p04,2024-01-13 13:00:00,1109
p04,2024-01-13 14:00:00,1154
p04,2024-01-13 15:00:00,1867
p04,2024-01-13 16:00:00,1272
p04,2024-01-13 17:00:00,1894
p04,2024-01-13 18:00:00,1807
p04,2024-01-13 19:00:00,1055
p04,2024-01-13 20:00:00,1194
p04,2024-01-13 21:00:00,115
p04,2024-01-13 22:00:00,30
p04,2024-01-13 23:00:00,72
p04,2024-01-14 00:00:00,0
p04,2024-01-14 01:00:00,0
p04,2024-01-14 02:00:00,0
p04,2024-01-14 03:00:00,0
p04,2024-01-14 04:00:00,0
p04,2024-01-14 05:00:00,0
p04,2024-01-14 06:00:00,1477
p04,2024-01-14 07:00:00,535
p04,2024-01-14 08:00:00,938
p04,2024-01-14 09:00:00,1497
p04,2024-01-14 10:00:00,2355
p04,2024-01-14 11:00:00,2260
p04,2024-01-14 12:00:00,1224
p04,2024-01-14 13:00:00,1355
p04,2024-01-14 14:00:00,1057
p04,2024-01-14 15:00:00,1464
p04,2024-01-14 16:00:00,1080
p04,2024-01-14 17:00:00,1302
p04,2024-01-14 18:00:00,355
p04,2024-01-14 19:00:00,391
p04,2024-01-14 20:00:00,783
p04,2024-01-14 21:00:00,121
p04,2024-01-14 22:00:00,118
p04,2024-01-14 23:00:00,58
