participant_id,timestamp,heart_rate_bpm
p01,2024-01-01 00:00:00,57.4
p01,2024-01-01 01:00:00,57.3
p01,2024-01-01 02:00:00,57.6
p01,2024-01-01 03:00:00,60.8
p01,2024-01-01 04:00:00,57.5
p01,2024-01-01 05:00:00,52.0
p01,2024-01-01 06:00:00,74.7
p01,2024-01-01 07:00:00,69.9
p01,2024-01-01 08:00:00,77.5
p01,2024-01-01 09:00:00,79.3
p01,2024-01-01 10:00:00,84.6
p01,2024-01-01 11:00:00,79.1
p01,2024-01-01 12:00:00,71.9
p01,2024-01-01 13:00:00,77.6
p01,2024-01-01 14:00:00,82.4
p01,2024-01-01 15:00:00,80.9
p01,2024-01-01 16:00:00,78.9
p01,2024-01-01 17:00:00,86.9
p01,2024-01-01 18:00:00,100.6
p01,2024-01-01 19:00:00,98.7
p01,2024-01-01 20:00:00,94.6
p01,2024-01-01 21:00:00,66.5
p01,2024-01-01 22:00:00,73.0
p01,2024-01-01 23:00:00,73.0
p01,2024-01-02 00:00:00,56.5
p01,2024-01-02 01:00:00,63.4
p01,2024-01-02 02:00:00,60.8
p01,2024-01-02 03:00:00,55.5
p01,2024-01-02 04:00:00,58.5
p01,2024-01-02 05:00:00,59.4
p01,2024-01-02 06:00:00,64.7
p01,2024-01-02 07:00:00,60.3
p01,2024-01-02 08:00:00,77.2
p01,2024-01-02 09:00:00,70.7
p01,2024-01-02 10:00:00,81.0
p01,2024-01-02 11:00:00,72.9
p01,2024-01-02 12:00:00,71.0
p01,2024-01-02 13:00:00,63.6
p01,2024-01-02 14:00:00,94.8
p01,2024-01-02 15:00:00,88.2
p01,2024-01-02 16:00:00,87.1
p01,2024-01-02 17:00:00,90.4
p01,2024-01-02 18:00:00,68.9
p01,2024-01-02 19:00:00,60.9
p01,2024-01-02 20:00:00,75.3
p01,2024-01-02 21:00:00,66.3
p01,2024-01-02 22:00:00,64.6
p01,2024-01-02 23:00:00,68.4
p01,2024-01-03 00:00:00,55.7
p01,2024-01-03 01:00:00,63.4
p01,2024-01-03 02:00:00,51.0
p01,2024-01-03 03:00:00,63.4
p01,2024-01-03 04:00:00,55.0
p01,2024-01-03 05:00:00,58.8
p01,2024-01-03 06:00:00,72.2
p01,2024-01-03 07:00:00,82.3
p01,2024-01-03 08:00:00,62.5
p01,2024-01-03 09:00:00,83.8
p01,2024-01-03 10:00:00,83.5
p01,2024-01-03 11:00:00,77.9
p01,2024-01-03 12:00:00,80.9
p01,2024-01-03 13:00:00,56.2
p01,2024-01-03 14:00:00,90.1
p01,2024-01-03 15:00:00,94.8
p01,2024-01-03 16:00:00,57.5
p01,2024-01-03 17:00:00,104.6
p01,2024-01-03 18:00:00,124.3
p01,2024-01-03 19:00:00,89.6
p01,2024-01-03 20:00:00,90.8
p01,2024-01-03 21:00:00,57.6
p01,2024-01-03 22:00:00,64.2
p01,2024-01-03 23:00:00,72.1
p01,2024-01-04 00:00:00,54.0
p01,2024-01-04 01:00:00,59.8
p01,2024-01-04 02:00:00,65.8
p01,2024-01-04 03:00:00,55.7
p01,2024-01-04 04:00:00,57.6
p01,2024-01-04 05:00:00,62.7
p01,2024-01-04 06:00:00,79.7
p01,2024-01-04 07:00:00,87.9
p01,2024-01-04 08:00:00,77.2
p01,2024-01-04 09:00:00,68.0
p01,2024-01-04 10:00:00,73.8
p01,2024-01-04 11:00:00,82.2
p01,2024-01-04 12:00:00,94.1
p01,2024-01-04 13:00:00,72.1
p01,2024-01-04 14:00:00,89.2
p01,2024-01-04 15:00:00,88.1
p01,2024-01-04 16:00:00,101.2
p01,2024-01-04 17:00:00,89.3
p01,2024-01-04 18:00:00,73.3
p01,2024-01-04 19:00:00,60.4
p01,2024-01-04 20:00:00,70.9
p01,2024-01-04 21:00:00,64.5
p01,2024-01-04 22:00:00,67.8
p01,2024-01-04 23:00:00,64.0
p01,2024-01-05 00:00:00,55.6
p01,2024-01-05 01:00:00,59.3
p01,2024-01-05 02:00:00,51.7
p01,2024-01-05 03:00:00,56.4
p01,2024-01-05 04:00:00,59.0
p01,2024-01-05 05:00:00,61.3
p01,2024-01-05 06:00:00,83.6
p01,2024-01-05 07:00:00,71.6
p01,2024-01-05 08:00:00,66.2
p01,2024-01-05 09:00:00,80.3
p01,2024-01-05 10:00:00,90.6
p01,2024-01-05 11:00:00,79.7
p01,2024-01-05 12:00:00,98.8
p01,2024-01-05 13:00:00,80.9
p01,2024-01-05 14:00:00,84.3
p01,2024-01-05 15:00:00,83.0
p01,2024-01-05 16:00:00,74.0
p01,2024-01-05 17:00:00,81.3
p01,2024-01-05 18:00:00,71.7
p01,2024-01-05 19:00:00,89.1
p01,2024-01-05 20:00:00,69.1
p01,2024-01-05 21:00:00,66.5
p01,2024-01-05 22:00:00,71.1
p01,2024-01-05 23:00:00,69.1
p01,2024-01-06 00:00:00,51.2
p01,2024-01-06 01:00:00,62.2
p01,2024-01-06 02:00:00,63.5
p01,2024-01-06 03:00:00,59.9
p01,2024-01-06 04:00:00,57.1
p01,2024-01-06 05:00:00,56.9
p01,2024-01-06 06:00:00,70.0
p01,2024-01-06 07:00:00,57.8
p01,2024-01-06 08:00:00,75.6
p01,2024-01-06 09:00:00,89.6
p01,2024-01-06 10:00:00,82.5
p01,2024-01-06 11:00:00,88.2
p01,2024-01-06 12:00:00,88.4
p01,2024-01-06 13:00:00,57.9
p01,2024-01-06 14:00:00,74.8
p01,2024-01-06 15:00:00,71.8
p01,2024-01-06 16:00:00,99.4
p01,2024-01-06 17:00:00,73.3
p01,2024-01-06 18:00:00,69.5
p01,2024-01-06 19:00:00,75.5
p01,2024-01-06 20:00:00,82.3
p01,2024-01-06 21:00:00,66.8
p01,2024-01-06 22:00:00,72.9
p01,2024-01-06 23:00:00,61.1
p01,2024-01-07 00:00:00,55.9
p01,2024-01-07 01:00:00,51.9
p01,2024-01-07 02:00:00,59.2
p01,2024-01-07 03:00:00,52.2
p01,2024-01-07 04:00:00,55.4
p01,2024-01-07 05:00:00,58.2
p01,2024-01-07 06:00:00,72.6
p01,2024-01-07 07:00:00,74.7
p01,2024-01-07 08:00:00,72.0
p01,2024-01-07 09:00:00,74.6
p01,2024-01-07 10:00:00,58.4
p01,2024-01-07 11:00:00,77.6
p01,2024-01-07 12:00:00,84.8
p01,2024-01-07 13:00:00,78.8
p01,2024-01-07 14:00:00,69.6
p01,2024-01-07 15:00:00,73.6
p01,2024-01-07 16:00:00,97.3
p01,2024-01-07 17:00:00,96.4
p01,2024-01-07 18:00:00,77.7
p01,2024-01-07 19:00:00,83.3
p01,2024-01-07 20:00:00,79.2
p01,2024-01-07 21:00:00,61.9
p01,2024-01-07 22:00:00,62.9
p01,2024-01-07 23:00:00,61.2
p01,2024-01-08 00:00:00,61.9
p01,2024-01-08 01:00:00,62.2
p01,2024-01-08 02:00:00,49.1
p01,2024-01-08 03:00:00,60.4
p01,2024-01-08 04:00:00,58.5
p01,2024-01-08 05:00:00,57.8
p01,2024-01-08 06:00:00,64.5
p01,2024-01-08 07:00:00,64.9
p01,2024-01-08 08:00:00,62.8
p01,2024-01-08 09:00:00,75.2
p01,2024-01-08 10:00:00,93.1
p01,2024-01-08 11:00:00,64.0
p01,2024-01-08 12:00:00,92.5
p01,2024-01-08 13:00:00,99.0
p01,2024-01-08 14:00:00,59.4
p01,2024-01-08 15:00:00,62.9
p01,2024-01-08 16:00:00,75.7
p01,2024-01-08 17:00:00,70.9
p01,2024-01-08 18:00:00,73.5
p01,2024-01-08 19:00:00,91.7
p01,2024-01-08 20:00:00,78.6
p01,2024-01-08 21:00:00,68.4
p01,2024-01-08 22:00:00,60.8
p01,2024-01-08 23:00:00,71.4
p01,2024-01-09 00:00:00,49.3
p01,2024-01-09 01:00:00,58.6
p01,2024-01-09 02:00:00,59.0
p01,2024-01-09 03:00:00,56.6
p01,2024-01-09 04:00:00,55.1
p01,2024-01-09 05:00:00,59.5
p01,2024-01-09 06:00:00,85.7
p01,2024-01-09 07:00:00,72.3
p01,2024-01-09 08:00:00,76.6
p01,2024-01-09 09:00:00,87.2
p01,2024-01-09 10:00:00,73.5
p01,2024-01-09 11:00:00,76.2
p01,2024-01-09 12:00:00,58.2
p01,2024-01-09 13:00:00,73.6
p01,2024-01-09 14:00:00,85.1
p01,2024-01-09 15:00:00,86.2
p01,2024-01-09 16:00:00,96.4
p01,2024-01-09 17:00:00,71.4
p01,2024-01-09 18:00:00,97.8
p01,2024-01-09 19:00:00,106.0
p01,2024-01-09 20:00:00,100.9
p01,2024-01-09 21:00:00,54.8
p01,2024-01-09 22:00:00,65.0
p01,2024-01-09 23:00:00,53.6
p01,2024-01-10 00:00:00,65.2
p01,2024-01-10 01:00:00,56.9
p01,2024-01-10 02:00:00,58.7
p01,2024-01-10 03:00:00,57.4
p01,2024-01-10 04:00:00,57.7
p01,2024-01-10 05:00:00,54.4
p01,2024-01-10 06:00:00,85.1
p01,2024-01-10 07:00:00,65.9
p01,2024-01-10 08:00:00,78.7
p01,2024-01-10 09:00:00,91.1
p01,2024-01-10 10:00:00,82.5
p01,2024-01-10 11:00:00,72.5
p01,2024-01-10 12:00:00,67.0
p01,2024-01-10 13:00:00,98.0
p01,2024-01-10 14:00:00,84.5
p01,2024-01-10 15:00:00,96.5
p01,2024-01-10 16:00:00,81.3
p01,2024-01-10 17:00:00,85.7
p01,2024-01-10 18:00:00,69.9
p01,2024-01-10 19:00:00,68.7
p01,2024-01-10 20:00:00,74.1
p01,2024-01-10 21:00:00,66.0
p01,2024-01-10 22:00:00,70.6
p01,2024-01-10 23:00:00,76.5
p01,2024-01-11 00:00:00,61.3
p01,2024-01-11 01:00:00,60.7
p01,2024-01-11 02:00:00,57.5
p01,2024-01-11 03:00:00,54.6
p01,2024-01-11 04:00:00,54.2
p01,2024-01-11 05:00:00,55.0
p01,2024-01-11 06:00:00,64.1
p01,2024-01-11 07:00:00,78.9
p01,2024-01-11 08:00:00,71.9
p01,2024-01-11 09:00:00,77.4
p01,2024-01-11 10:00:00,74.9
p01,2024-01-11 11:00:00,61.8
p01,2024-01-11 12:00:00,77.0
p01,2024-01-11 13:00:00,83.4
p01,2024-01-11 14:00:00,71.4
p01,2024-01-11 15:00:00,71.7
p01,2024-01-11 16:00:00,67.2
p01,2024-01-11 17:00:00,81.3
p01,2024-01-11 18:00:00,88.8
p01,2024-01-11 19:00:00,77.0
p01,2024-01-11 20:00:00,87.5
p01,2024-01-11 21:00:00,60.8
p01,2024-01-11 22:00:00,60.4
p01,2024-01-11 23:00:00,62.9
p01,2024-01-12 00:00:00,57.0
p01,2024-01-12 01:00:00,62.1
p01,2024-01-12 02:00:00,52.9
p01,2024-01-12 03:00:00,55.2
p01,2024-01-12 04:00:00,53.8
p01,2024-01-12 05:00:00,58.9
p01,2024-01-12 06:00:00,74.0
p01,2024-01-12 07:00:00,80.8
p01,2024-01-12 08:00:00,80.3
p01,2024-01-12 09:00:00,84.1
p01,2024-01-12 10:00:00,68.6
p01,2024-01-12 11:00:00,93.9
p01,2024-01-12 12:00:00,76.0
p01,2024-01-12 13:00:00,72.4
p01,2024-01-12 14:00:00,89.4
p01,2024-01-12 15:00:00,83.1
p01,2024-01-12 16:00:00,62.0
p01,2024-01-12 17:00:00,87.8
p01,2024-01-12 18:00:00,73.4
p01,2024-01-12 19:00:00,67.3
p01,2024-01-12 20:00:00,82.3
p01,2024-01-12 21:00:00,71.1
p01,2024-01-12 22:00:00,71.7
p01,2024-01-12 23:00:00,57.0
p01,2024-01-13 00:00:00,59.4
p01,2024-01-13 01:00:00,65.1
p01,2024-01-13 02:00:00,56.5
p01,2024-01-13 03:00:00,53.8
p01,2024-01-13 04:00:00,49.6
p01,2024-01-13 05:00:00,54.8
p01,2024-01-13 06:00:00,75.1
p01,2024-01-13 07:00:00,75.0
p01,2024-01-13 08:00:00,62.0
p01,2024-01-13 09:00:00,75.5
p01,2024-01-13 10:00:00,88.7
p01,2024-01-13 11:00:00,69.3
p01,2024-01-13 12:00:00,56.6
p01,2024-01-13 13:00:00,91.6
p01,2024-01-13 14:00:00,81.5
p01,2024-01-13 15:00:00,70.7
p01,2024-01-13 16:00:00,86.3
p01,2024-01-13 17:00:00,75.2
p01,2024-01-13 18:00:00,86.6
p01,2024-01-13 19:00:00,86.4
p01,2024-01-13 20:00:00,92.3
p01,2024-01-13 21:00:00,68.9
p01,2024-01-13 22:00:00,67.5
p01,2024-01-13 23:00:00,66.4
p01,2024-01-14 00:00:00,59.6
p01,2024-01-14 01:00:00,60.3
p01,2024-01-14 02:00:00,54.9
p01,2024-01-14 03:00:00,59.8
p01,2024-01-14 04:00:00,56.6
p01,2024-01-14 05:00:00,58.3
p01,2024-01-14 06:00:00,76.0
p01,2024-01-14 07:00:00,65.1
p01,2024-01-14 08:00:00,88.4
p01,2024-01-14 09:00:00,80.5
p01,2024-01-14 10:00:00,54.3
p01,2024-01-14 11:00:00,81.4
p01,2024-01-14 12:00:00,60.5
p01,2024-01-14 13:00:00,96.1
p01,2024-01-14 14:00:00,66.2
p01,2024-01-14 15:00:00,78.1
p01,2024-01-14 16:00:00,84.0
p01,2024-01-14 17:00:00,92.5
p01,2024-01-14 18:00:00,68.8
p01,2024-01-14 19:00:00,85.3
p01,2024-01-14 20:00:00,79.6
p01,2024-01-14 21:00:00,69.8
p01,2024-01-14 22:00:00,54.4
p01,2024-01-14 23:00:00,62.7
p02,2024-01-01 00:00:00,64.0
p02,2024-01-01 01:00:00,59.5
p02,2024-01-01 02:00:00,60.8
p02,2024-01-01 03:00:00,61.5
p02,2024-01-01 04:00:00,54.6
p02,2024-01-01 05:00:00,51.7
p02,2024-01-01 06:00:00,63.0
p02,2024-01-01 07:00:00,74.7
p02,2024-01-01 08:00:00,65.0
p02,2024-01-01 09:00:00,82.0
p02,2024-01-01 10:00:00,87.5
p02,2024-01-01 11:00:00,75.0
p02,2024-01-01 12:00:00,85.0
p02,2024-01-01 13:00:00,69.5
p02,2024-01-01 14:00:00,70.3
p02,2024-01-01 15:00:00,81.1
p02,2024-01-01 16:00:00,81.1
p02,2024-01-01 17:00:00,88.3
p02,2024-01-01 18:00:00,86.5
p02,2024-01-01 19:00:00,90.4
p02,2024-01-01 20:00:00,86.0
p02,2024-01-01 21:00:00,75.0
p02,2024-01-01 22:00:00,72.8
p02,2024-01-01 23:00:00,70.9
p02,2024-01-02 00:00:00,63.5
p02,2024-01-02 01:00:00,55.5
p02,2024-01-02 02:00:00,62.6
p02,2024-01-02 03:00:00,61.1
p02,2024-01-02 04:00:00,60.0
p02,2024-01-02 05:00:00,49.7
p02,2024-01-02 06:00:00,67.2
p02,2024-01-02 07:00:00,80.6
p02,2024-01-02 08:00:00,79.8
p02,2024-01-02 09:00:00,94.8
p02,2024-01-02 10:00:00,83.6
p02,2024-01-02 11:00:00,72.5
p02,2024-01-02 12:00:00,77.8
p02,2024-01-02 13:00:00,76.0
p02,2024-01-02 14:00:00,90.8
p02,2024-01-02 15:00:00,89.6
p02,2024-01-02 16:00:00,107.2
p02,2024-01-02 17:00:00,88.7
p02,2024-01-02 18:00:00,77.4
p02,2024-01-02 19:00:00,77.4
p02,2024-01-02 20:00:00,83.2
p02,2024-01-02 21:00:00,72.5
p02,2024-01-02 22:00:00,59.7
p02,2024-01-02 23:00:00,63.8
p02,2024-01-03 00:00:00,66.6
p02,2024-01-03 01:00:00,58.1
p02,2024-01-03 02:00:00,60.0
p02,2024-01-03 03:00:00,57.7
p02,2024-01-03 04:00:00,56.8
p02,2024-01-03 05:00:00,46.0
p02,2024-01-03 06:00:00,85.7
p02,2024-01-03 07:00:00,62.5
p02,2024-01-03 08:00:00,70.1
p02,2024-01-03 09:00:00,66.5
p02,2024-01-03 10:00:00,89.0
p02,2024-01-03 11:00:00,61.6
p02,2024-01-03 12:00:00,78.8
p02,2024-01-03 13:00:00,74.8
p02,2024-01-03 14:00:00,91.4
p02,2024-01-03 15:00:00,78.0
p02,2024-01-03 16:00:00,81.1
p02,2024-01-03 17:00:00,95.3
p02,2024-01-03 18:00:00,89.5
p02,2024-01-03 19:00:00,102.9
p02,2024-01-03 20:00:00,84.4
p02,2024-01-03 21:00:00,52.5
p02,2024-01-03 22:00:00,68.4
p02,2024-01-03 23:00:00,64.1
p02,2024-01-04 00:00:00,58.8
p02,2024-01-04 01:00:00,61.8
p02,2024-01-04 02:00:00,60.8
p02,2024-01-04 03:00:00,57.8
p02,2024-01-04 04:00:00,56.6
p02,2024-01-04 05:00:00,58.4
p02,2024-01-04 06:00:00,81.9
p02,2024-01-04 07:00:00,73.7
p02,2024-01-04 08:00:00,79.2
p02,2024-01-04 09:00:00,70.3
p02,2024-01-04 10:00:00,71.1
p02,2024-01-04 11:00:00,74.3
p02,2024-01-04 12:00:00,80.6
p02,2024-01-04 13:00:00,73.1
p02,2024-01-04 14:00:00,80.4
p02,2024-01-04 15:00:00,77.1
p02,2024-01-04 16:00:00,78.6
p02,2024-01-04 17:00:00,85.3
p02,2024-01-04 18:00:00,80.2
p02,2024-01-04 19:00:00,79.6
p02,2024-01-04 20:00:00,70.6
p02,2024-01-04 21:00:00,64.3
p02,2024-01-04 22:00:00,65.2
p02,2024-01-04 23:00:00,67.2
p02,2024-01-05 00:00:00,65.0
p02,2024-01-05 01:00:00,55.0
p02,2024-01-05 02:00:00,59.3
p02,2024-01-05 03:00:00,53.6
p02,2024-01-05 04:00:00,56.1
p02,2024-01-05 05:00:00,61.0
p02,2024-01-05 06:00:00,77.4
p02,2024-01-05 07:00:00,72.3
p02,2024-01-05 08:00:00,69.3
p02,2024-01-05 09:00:00,92.5
p02,2024-01-05 10:00:00,67.2
p02,2024-01-05 11:00:00,79.3
p02,2024-01-05 12:00:00,57.9
p02,2024-01-05 13:00:00,73.0
p02,2024-01-05 14:00:00,80.0
p02,2024-01-05 15:00:00,70.1
p02,2024-01-05 16:00:00,87.2
p02,2024-01-05 17:00:00,104.5
p02,2024-01-05 18:00:00,78.7
p02,2024-01-05 19:00:00,73.6
p02,2024-01-05 20:00:00,116.9
p02,2024-01-05 21:00:00,69.5
p02,2024-01-05 22:00:00,66.3
p02,2024-01-05 23:00:00,68.1
p02,2024-01-06 00:00:00,60.3
p02,2024-01-06 01:00:00,58.9
p02,2024-01-06 02:00:00,62.2
p02,2024-01-06 03:00:00,57.9
p02,2024-01-06 04:00:00,62.1
p02,2024-01-06 05:00:00,59.7
p02,2024-01-06 06:00:00,68.8
p02,2024-01-06 07:00:00,63.2
p02,2024-01-06 08:00:00,67.2
p02,2024-01-06 09:00:00,85.4
p02,2024-01-06 10:00:00,86.9
p02,2024-01-06 11:00:00,77.5
p02,2024-01-06 12:00:00,81.1
p02,2024-01-06 13:00:00,93.3
p02,2024-01-06 14:00:00,89.4
p02,2024-01-06 15:00:00,81.8
p02,2024-01-06 16:00:00,66.2
p02,2024-01-06 17:00:00,63.5
p02,2024-01-06 18:00:00,76.3
p02,2024-01-06 19:00:00,69.6
p02,2024-01-06 20:00:00,84.9
p02,2024-01-06 21:00:00,62.5
p02,2024-01-06 22:00:00,68.2
p02,2024-01-06 23:00:00,62.9
p02,2024-01-07 00:00:00,60.2
p02,2024-01-07 01:00:00,56.7
p02,2024-01-07 02:00:00,57.8
p02,2024-01-07 03:00:00,66.3
p02,2024-01-07 04:00:00,60.6
p02,2024-01-07 05:00:00,54.0
p02,2024-01-07 06:00:00,82.1
p02,2024-01-07 07:00:00,83.3
p02,2024-01-07 08:00:00,72.3
p02,2024-01-07 09:00:00,70.3
p02,2024-01-07 10:00:00,74.5
p02,2024-01-07 11:00:00,68.6
p02,2024-01-07 12:00:00,67.7
p02,2024-01-07 13:00:00,85.0
p02,2024-01-07 14:00:00,79.2
p02,2024-01-07 15:00:00,78.2
p02,2024-01-07 16:00:00,85.4
p02,2024-01-07 17:00:00,74.5
p02,2024-01-07 18:00:00,87.9
p02,2024-01-07 19:00:00,73.5
p02,2024-01-07 20:00:00,58.5
p02,2024-01-07 21:00:00,66.6
p02,2024-01-07 22:00:00,68.9
p02,2024-01-07 23:00:00,67.2
p02,2024-01-08 00:00:00,63.9
p02,2024-01-08 01:00:00,53.2
p02,2024-01-08 02:00:00,60.2
p02,2024-01-08 03:00:00,63.2
p02,2024-01-08 04:00:00,60.2
p02,2024-01-08 05:00:00,65.5
p02,2024-01-08 06:00:00,69.6
p02,2024-01-08 07:00:00,73.4
p02,2024-01-08 08:00:00,86.7
p02,2024-01-08 09:00:00,88.6
p02,2024-01-08 10:00:00,78.7
p02,2024-01-08 11:00:00,80.9
p02,2024-01-08 12:00:00,84.3
p02,2024-01-08 13:00:00,76.6
p02,2024-01-08 14:00:00,73.2
p02,2024-01-08 15:00:00,74.2
p02,2024-01-08 16:00:00,79.6
p02,2024-01-08 17:00:00,95.5
p02,2024-01-08 18:00:00,64.6
p02,2024-01-08 19:00:00,75.6
p02,2024-01-08 20:00:00,72.8
p02,2024-01-08 21:00:00,60.1
p02,2024-01-08 22:00:00,59.3
p02,2024-01-08 23:00:00,70.9
p02,2024-01-09 00:00:00,52.2
p02,2024-01-09 01:00:00,51.4
p02,2024-01-09 02:00:00,60.2
p02,2024-01-09 03:00:00,53.7
p02,2024-01-09 04:00:00,59.8
p02,2024-01-09 05:00:00,54.1
p02,2024-01-09 06:00:00,76.1
p02,2024-01-09 07:00:00,69.1
p02,2024-01-09 08:00:00,63.6
p02,2024-01-09 09:00:00,81.9
p02,2024-01-09 10:00:00,72.8
p02,2024-01-09 11:00:00,72.5
p02,2024-01-09 12:00:00,65.4
p02,2024-01-09 13:00:00,79.8
p02,2024-01-09 14:00:00,82.1
p02,2024-01-09 15:00:00,80.5
p02,2024-01-09 16:00:00,85.4
p02,2024-01-09 17:00:00,84.5
p02,2024-01-09 18:00:00,77.2
p02,2024-01-09 19:00:00,82.2
p02,2024-01-09 20:00:00,90.7
p02,2024-01-09 21:00:00,62.0
p02,2024-01-09 22:00:00,54.4
p02,2024-01-09 23:00:00,60.9
p02,2024-01-10 00:00:00,52.8
p02,2024-01-10 01:00:00,64.5
p02,2024-01-10 02:00:00,56.6
p02,2024-01-10 03:00:00,60.9
p02,2024-01-10 04:00:00,57.2
p02,2024-01-10 05:00:00,58.4
p02,2024-01-10 06:00:00,71.4
p02,2024-01-10 07:00:00,68.6
p02,2024-01-10 08:00:00,79.9
p02,2024-01-10 09:00:00,81.8
p02,2024-01-10 10:00:00,75.2
p02,2024-01-10 11:00:00,87.0
p02,2024-01-10 12:00:00,92.2
p02,2024-01-10 13:00:00,92.2
p02,2024-01-10 14:00:00,80.9
p02,2024-01-10 15:00:00,90.6
p02,2024-01-10 16:00:00,83.9
p02,2024-01-10 17:00:00,75.3
p02,2024-01-10 18:00:00,70.0
p02,2024-01-10 19:00:00,84.1
p02,2024-01-10 20:00:00,80.8
p02,2024-01-10 21:00:00,68.0
p02,2024-01-10 22:00:00,69.3
p02,2024-01-10 23:00:00,61.7
p02,2024-01-11 00:00:00,60.8
p02,2024-01-11 01:00:00,63.3
p02,2024-01-11 02:00:00,57.4
p02,2024-01-11 03:00:00,55.0
p02,2024-01-11 04:00:00,56.7
p02,2024-01-11 05:00:00,56.7
p02,2024-01-11 06:00:00,69.4
p02,2024-01-11 07:00:00,78.1
p02,2024-01-11 08:00:00,63.4
p02,2024-01-11 09:00:00,77.2
p02,2024-01-11 10:00:00,76.1
p02,2024-01-11 11:00:00,60.8
p02,2024-01-11 12:00:00,90.8
p02,2024-01-11 13:00:00,62.1
p02,2024-01-11 14:00:00,98.9
p02,2024-01-11 15:00:00,84.2
p02,2024-01-11 16:00:00,85.4
p02,2024-01-11 17:00:00,90.6
p02,2024-01-11 18:00:00,77.1
p02,2024-01-11 19:00:00,93.0
p02,2024-01-11 20:00:00,127.6
p02,2024-01-11 21:00:00,65.5
p02,2024-01-11 22:00:00,62.3
p02,2024-01-11 23:00:00,71.4
p02,2024-01-12 00:00:00,53.7
p02,2024-01-12 01:00:00,56.1
p02,2024-01-12 02:00:00,59.6
p02,2024-01-12 03:00:00,61.0
p02,2024-01-12 04:00:00,63.8
p02,2024-01-12 05:00:00,51.9
p02,2024-01-12 06:00:00,86.8
p02,2024-01-12 07:00:00,85.9
p02,2024-01-12 08:00:00,75.5
p02,2024-01-12 09:00:00,83.8
p02,2024-01-12 10:00:00,84.6
p02,2024-01-12 11:00:00,82.2
p02,2024-01-12 12:00:00,104.0
p02,2024-01-12 13:00:00,79.2
p02,2024-01-12 14:00:00,72.8
p02,2024-01-12 15:00:00,90.5
p02,2024-01-12 16:00:00,86.1
p02,2024-01-12 17:00:00,73.5
p02,2024-01-12 18:00:00,66.1
p02,2024-01-12 19:00:00,67.0
p02,2024-01-12 20:00:00,70.6
p02,2024-01-12 21:00:00,60.0
p02,2024-01-12 22:00:00,67.0
p02,2024-01-12 23:00:00,66.7
p02,2024-01-13 00:00:00,57.2
p02,2024-01-13 01:00:00,59.2
p02,2024-01-13 02:00:00,65.5
p02,2024-01-13 03:00:00,68.3
p02,2024-01-13 04:00:00,52.9
p02,2024-01-13 05:00:00,54.6
p02,2024-01-13 06:00:00,89.8
p02,2024-01-13 07:00:00,71.3
p02,2024-01-13 08:00:00,64.5
p02,2024-01-13 09:00:00,99.5
p02,2024-01-13 10:00:00,82.4
p02,2024-01-13 11:00:00,84.1
p02,2024-01-13 12:00:00,69.9
p02,2024-01-13 13:00:00,96.5
p02,2024-01-13 14:00:00,81.5
p02,2024-01-13 15:00:00,80.4
p02,2024-01-13 16:00:00,74.6
p02,2024-01-13 17:00:00,80.9
p02,2024-01-13 18:00:00,82.6
p02,2024-01-13 19:00:00,87.4
p02,2024-01-13 20:00:00,86.0
p02,2024-01-13 21:00:00,61.8
p02,2024-01-13 22:00:00,62.3
p02,2024-01-13 23:00:00,76.4
p02,2024-01-14 00:00:00,56.2
p02,2024-01-14 01:00:00,61.4
p02,2024-01-14 02:00:00,69.9
p02,2024-01-14 03:00:00,60.3
p02,2024-01-14 04:00:00,58.1
p02,2024-01-14 05:00:00,58.6
p02,2024-01-14 06:00:00,70.1
p02,2024-01-14 07:00:00,70.9
p02,2024-01-14 08:00:00,74.4
p02,2024-01-14 09:00:00,76.2
p02,2024-01-14 10:00:00,81.8
p02,2024-01-14 11:00:00,71.7
p02,2024-01-14 12:00:00,97.5
p02,2024-01-14 13:00:00,71.4
p02,2024-01-14 14:00:00,83.5
p02,2024-01-14 15:00:00,78.1
p02,2024-01-14 16:00:00,87.9
p02,2024-01-14 17:00:00,87.5
p02,2024-01-14 18:00:00,79.7
p02,2024-01-14 19:00:00,78.3
p02,2024-01-14 20:00:00,77.1
p02,2024-01-14 21:00:00,59.4
p02,2024-01-14 22:00:00,60.4
p02,2024-01-14 23:00:00,56.1
p03,2024-01-01 00:00:00,53.8
p03,2024-01-01 01:00:00,60.7
p03,2024-01-01 02:00:00,59.6
p03,2024-01-01 03:00:00,56.1
p03,2024-01-01 04:00:00,58.2
p03,2024-01-01 05:00:00,59.0
p03,2024-01-01 06:00:00,72.8
p03,2024-01-01 07:00:00,72.7
p03,2024-01-01 08:00:00,69.5
p03,2024-01-01 09:00:00,70.1
p03,2024-01-01 10:00:00,63.7
p03,2024-01-01 11:00:00,68.8
p03,2024-01-01 12:00:00,73.1
p03,2024-01-01 13:00:00,88.5
p03,2024-01-01 14:00:00,88.5
p03,2024-01-01 15:00:00,92.1
p03,2024-01-01 16:00:00,86.6
p03,2024-01-01 17:00:00,80.8
p03,2024-01-01 18:00:00,91.2
p03,2024-01-01 19:00:00,100.6
p03,2024-01-01 20:00:00,99.4
p03,2024-01-01 21:00:00,68.6
p03,2024-01-01 22:00:00,72.1
p03,2024-01-01 23:00:00,67.3
p03,2024-01-02 00:00:00,56.4
p03,2024-01-02 01:00:00,51.7
p03,2024-01-02 02:00:00,55.4
p03,2024-01-02 03:00:00,50.7
p03,2024-01-02 04:00:00,59.4
p03,2024-01-02 05:00:00,54.4
p03,2024-01-02 06:00:00,63.4
p03,2024-01-02 07:00:00,73.6
p03,2024-01-02 08:00:00,72.9
p03,2024-01-02 09:00:00,89.0
p03,2024-01-02 10:00:00,57.9
p03,2024-01-02 11:00:00,60.0
p03,2024-01-02 12:00:00,79.7
p03,2024-01-02 13:00:00,81.6
p03,2024-01-02 14:00:00,82.3
p03,2024-01-02 15:00:00,67.6
p03,2024-01-02 16:00:00,91.4
p03,2024-01-02 17:00:00,81.7
p03,2024-01-02 18:00:00,80.6
p03,2024-01-02 19:00:00,79.7
p03,2024-01-02 20:00:00,72.8
p03,2024-01-02 21:00:00,63.9
p03,2024-01-02 22:00:00,71.7
p03,2024-01-02 23:00:00,67.1
p03,2024-01-03 00:00:00,60.5
p03,2024-01-03 01:00:00,63.2
p03,2024-01-03 02:00:00,60.8
p03,2024-01-03 03:00:00,53.2
p03,2024-01-03 04:00:00,56.4
p03,2024-01-03 05:00:00,63.5
p03,2024-01-03 06:00:00,71.9
p03,2024-01-03 07:00:00,72.9
p03,2024-01-03 08:00:00,67.8
p03,2024-01-03 09:00:00,65.0
p03,2024-01-03 10:00:00,73.3
p03,2024-01-03 11:00:00,103.0
p03,2024-01-03 12:00:00,100.0
p03,2024-01-03 13:00:00,79.6
p03,2024-01-03 14:00:00,73.4
p03,2024-01-03 15:00:00,97.7
p03,2024-01-03 16:00:00,71.9
p03,2024-01-03 17:00:00,82.6
p03,2024-01-03 18:00:00,107.1
p03,2024-01-03 19:00:00,84.0
p03,2024-01-03 20:00:00,100.4
p03,2024-01-03 21:00:00,67.0
p03,2024-01-03 22:00:00,69.5
p03,2024-01-03 23:00:00,62.7
p03,2024-01-04 00:00:00,65.4
p03,2024-01-04 01:00:00,62.4
p03,2024-01-04 02:00:00,58.4
p03,2024-01-04 03:00:00,54.8
p03,2024-01-04 04:00:00,50.7
p03,2024-01-04 05:00:00,56.4
p03,2024-01-04 06:00:00,72.5
p03,2024-01-04 07:00:00,84.4
p03,2024-01-04 08:00:00,77.7
p03,2024-01-04 09:00:00,81.5
p03,2024-01-04 10:00:00,93.3
p03,2024-01-04 11:00:00,96.4
p03,2024-01-04 12:00:00,81.9
p03,2024-01-04 13:00:00,96.1
p03,2024-01-04 14:00:00,78.3
p03,2024-01-04 15:00:00,90.0
p03,2024-01-04 16:00:00,85.4
p03,2024-01-04 17:00:00,79.8
p03,2024-01-04 18:00:00,59.9
p03,2024-01-04 19:00:00,88.8
p03,2024-01-04 20:00:00,71.6
p03,2024-01-04 21:00:00,60.0
p03,2024-01-04 22:00:00,62.1
p03,2024-01-04 23:00:00,57.4
p03,2024-01-05 00:00:00,56.1
p03,2024-01-05 01:00:00,62.6
p03,2024-01-05 02:00:00,58.5
p03,2024-01-05 03:00:00,60.0
p03,2024-01-05 04:00:00,58.3
p03,2024-01-05 05:00:00,58.7
p03,2024-01-05 06:00:00,77.8
p03,2024-01-05 07:00:00,77.5
p03,2024-01-05 08:00:00,67.6
p03,2024-01-05 09:00:00,71.4
p03,2024-01-05 10:00:00,90.4
p03,2024-01-05 11:00:00,71.2
p03,2024-01-05 12:00:00,76.0
p03,2024-01-05 13:00:00,70.2
p03,2024-01-05 14:00:00,95.8
p03,2024-01-05 15:00:00,80.1
p03,2024-01-05 16:00:00,88.6
p03,2024-01-05 17:00:00,83.4
p03,2024-01-05 18:00:00,99.7
p03,2024-01-05 19:00:00,103.0
p03,2024-01-05 20:00:00,113.4
p03,2024-01-05 21:00:00,60.3
p03,2024-01-05 22:00:00,66.7
p03,2024-01-05 23:00:00,61.6
p03,2024-01-06 00:00:00,55.9
p03,2024-01-06 01:00:00,64.6
p03,2024-01-06 02:00:00,58.3
p03,2024-01-06 03:00:00,55.6
p03,2024-01-06 04:00:00,62.3
p03,2024-01-06 05:00:00,56.5
p03,2024-01-06 06:00:00,68.2
p03,2024-01-06 07:00:00,89.3
p03,2024-01-06 08:00:00,70.6
p03,2024-01-06 09:00:00,86.2
p03,2024-01-06 10:00:00,68.3
p03,2024-01-06 11:00:00,78.2
p03,2024-01-06 12:00:00,83.1
p03,2024-01-06 13:00:00,70.8
p03,2024-01-06 14:00:00,87.9
p03,2024-01-06 15:00:00,72.2
p03,2024-01-06 16:00:00,88.9
p03,2024-01-06 17:00:00,83.8
p03,2024-01-06 18:00:00,81.3
p03,2024-01-06 19:00:00,76.3
p03,2024-01-06 20:00:00,74.3
p03,2024-01-06 21:00:00,65.2
p03,2024-01-06 22:00:00,64.0
p03,2024-01-06 23:00:00,67.9
p03,2024-01-07 00:00:00,56.2
p03,2024-01-07 01:00:00,55.0
p03,2024-01-07 02:00:00,56.0
p03,2024-01-07 03:00:00,50.1
p03,2024-01-07 04:00:00,55.5
p03,2024-01-07 05:00:00,62.0
p03,2024-01-07 06:00:00,82.7
p03,2024-01-07 07:00:00,72.4
p03,2024-01-07 08:00:00,64.2
p03,2024-01-07 09:00:00,64.2
p03,2024-01-07 10:00:00,87.2
p03,2024-01-07 11:00:00,78.5
p03,2024-01-07 12:00:00,78.2
p03,2024-01-07 13:00:00,76.7
p03,2024-01-07 14:00:00,80.1
p03,2024-01-07 15:00:00,86.7
p03,2024-01-07 16:00:00,88.7
p03,2024-01-07 17:00:00,84.7
p03,2024-01-07 18:00:00,118.7
p03,2024-01-07 19:00:00,107.5
p03,2024-01-07 20:00:00,72.6
p03,2024-01-07 21:00:00,62.5
p03,2024-01-07 22:00:00,53.0
p03,2024-01-07 23:00:00,65.3
p03,2024-01-08 00:00:00,59.1
p03,2024-01-08 01:00:00,66.2
p03,2024-01-08 02:00:00,57.0
p03,2024-01-08 03:00:00,57.8
p03,2024-01-08 04:00:00,58.7
p03,2024-01-08 05:00:00,58.0
p03,2024-01-08 06:00:00,70.5
p03,2024-01-08 07:00:00,60.7
p03,2024-01-08 08:00:00,73.8
p03,2024-01-08 09:00:00,64.1
p03,2024-01-08 10:00:00,63.9
p03,2024-01-08 11:00:00,84.2
p03,2024-01-08 12:00:00,94.4
p03,2024-01-08 13:00:00,72.9
p03,2024-01-08 14:00:00,94.3
p03,2024-01-08 15:00:00,80.7
p03,2024-01-08 16:00:00,82.8
p03,2024-01-08 17:00:00,76.7
p03,2024-01-08 18:00:00,79.9
p03,2024-01-08 19:00:00,70.8
p03,2024-01-08 20:00:00,81.6
p03,2024-01-08 21:00:00,63.0
p03,2024-01-08 22:00:00,60.4
p03,2024-01-08 23:00:00,69.3
p03,2024-01-09 00:00:00,52.5
p03,2024-01-09 01:00:00,60.9
p03,2024-01-09 02:00:00,55.9
p03,2024-01-09 03:00:00,58.7
p03,2024-01-09 04:00:00,55.9
p03,2024-01-09 05:00:00,59.6
p03,2024-01-09 06:00:00,72.4
p03,2024-01-09 07:00:00,65.0
p03,2024-01-09 08:00:00,81.5
p03,2024-01-09 09:00:00,61.3
p03,2024-01-09 10:00:00,65.6
p03,2024-01-09 11:00:00,80.5
p03,2024-01-09 12:00:00,64.6
p03,2024-01-09 13:00:00,97.1
p03,2024-01-09 14:00:00,68.5
p03,2024-01-09 15:00:00,83.0
p03,2024-01-09 16:00:00,76.4
p03,2024-01-09 17:00:00,97.2
p03,2024-01-09 18:00:00,68.4
p03,2024-01-09 19:00:00,76.0
p03,2024-01-09 20:00:00,61.7
p03,2024-01-09 21:00:00,55.2
p03,2024-01-09 22:00:00,65.9
p03,2024-01-09 23:00:00,77.4
p03,2024-01-10 00:00:00,56.5
p03,2024-01-10 01:00:00,60.9
p03,2024-01-10 02:00:00,59.7
p03,2024-01-10 03:00:00,58.2
p03,2024-01-10 04:00:00,63.1
p03,2024-01-10 05:00:00,57.3
p03,2024-01-10 06:00:00,73.1
p03,2024-01-10 07:00:00,66.2
p03,2024-01-10 08:00:00,66.7
p03,2024-01-10 09:00:00,76.6
p03,2024-01-10 10:00:00,64.3
p03,2024-01-10 11:00:00,105.0
p03,2024-01-10 12:00:00,63.7
p03,2024-01-10 13:00:00,61.7
p03,2024-01-10 14:00:00,80.0
p03,2024-01-10 15:00:00,84.1
p03,2024-01-10 16:00:00,99.2
p03,2024-01-10 17:00:00,80.0
p03,2024-01-10 18:00:00,61.7
p03,2024-01-10 19:00:00,73.2
p03,2024-01-10 20:00:00,91.9
p03,2024-01-10 21:00:00,64.4
p03,2024-01-10 22:00:00,63.7
p03,2024-01-10 23:00:00,62.3
p03,2024-01-11 00:00:00,52.2
p03,2024-01-11 01:00:00,58.3
p03,2024-01-11 02:00:00,51.9
p03,2024-01-11 03:00:00,61.5
p03,2024-01-11 04:00:00,58.0
p03,2024-01-11 05:00:00,58.0
p03,2024-01-11 06:00:00,63.2
p03,2024-01-11 07:00:00,79.3
p03,2024-01-11 08:00:00,76.5
p03,2024-01-11 09:00:00,91.2
p03,2024-01-11 10:00:00,102.6
p03,2024-01-11 11:00:00,76.2
p03,2024-01-11 12:00:00,87.4
p03,2024-01-11 13:00:00,81.5
p03,2024-01-11 14:00:00,72.6
p03,2024-01-11 15:00:00,86.9
p03,2024-01-11 16:00:00,105.0
p03,2024-01-11 17:00:00,84.3
p03,2024-01-11 18:00:00,111.4
p03,2024-01-11 19:00:00,91.1
p03,2024-01-11 20:00:00,90.9
p03,2024-01-11 21:00:00,62.0
p03,2024-01-11 22:00:00,58.4
p03,2024-01-11 23:00:00,70.6
p03,2024-01-12 00:00:00,57.3
p03,2024-01-12 01:00:00,53.5
p03,2024-01-12 02:00:00,56.7
p03,2024-01-12 03:00:00,57.8
p03,2024-01-12 04:00:00,59.5
p03,2024-01-12 05:00:00,52.8
p03,2024-01-12 06:00:00,70.7
p03,2024-01-12 07:00:00,72.7
p03,2024-01-12 08:00:00,85.3
p03,2024-01-12 09:00:00,90.0
p03,2024-01-12 10:00:00,73.2
p03,2024-01-12 11:00:00,79.5
p03,2024-01-12 12:00:00,48.2
p03,2024-01-12 13:00:00,77.1
p03,2024-01-12 14:00:00,95.6
p03,2024-01-12 15:00:00,89.3
p03,2024-01-12 16:00:00,87.4
p03,2024-01-12 17:00:00,87.5
p03,2024-01-12 18:00:00,73.5
p03,2024-01-12 19:00:00,77.3
p03,2024-01-12 20:00:00,73.0
p03,2024-01-12 21:00:00,64.9
p03,2024-01-12 22:00:00,65.8
p03,2024-01-12 23:00:00,75.3
p03,2024-01-13 00:00:00,60.8
p03,2024-01-13 01:00:00,60.7
p03,2024-01-13 02:00:00,62.2
p03,2024-01-13 03:00:00,49.7
p03,2024-01-13 04:00:00,60.7
p03,2024-01-13 05:00:00,57.4
p03,2024-01-13 06:00:00,61.1
p03,2024-01-13 07:00:00,83.3
p03,2024-01-13 08:00:00,69.5
p03,2024-01-13 09:00:00,78.1
p03,2024-01-13 10:00:00,74.1
p03,2024-01-13 11:00:00,68.4
p03,2024-01-13 12:00:00,58.6
p03,2024-01-13 13:00:00,87.8
p03,2024-01-13 14:00:00,82.1
p03,2024-01-13 15:00:00,76.3
p03,2024-01-13 16:00:00,95.4
p03,2024-01-13 17:00:00,99.1
p03,2024-01-13 18:00:00,113.5
p03,2024-01-13 19:00:00,107.5
p03,2024-01-13 20:00:00,86.3
p03,2024-01-13 21:00:00,60.5
p03,2024-01-13 22:00:00,69.0
p03,2024-01-13 23:00:00,51.1
p03,2024-01-14 00:00:00,57.9
p03,2024-01-14 01:00:00,50.7
p03,2024-01-14 02:00:00,61.3
p03,2024-01-14 03:00:00,53.1
p03,2024-01-14 04:00:00,59.0
p03,2024-01-14 05:00:00,65.3
p03,2024-01-14 06:00:00,59.8
p03,2024-01-14 07:00:00,67.1
p03,2024-01-14 08:00:00,64.4
p03,2024-01-14 09:00:00,87.8
p03,2024-01-14 10:00:00,76.7
p03,2024-01-14 11:00:00,92.5
p03,2024-01-14 12:00:00,66.2
p03,2024-01-14 13:00:00,69.6
p03,2024-01-14 14:00:00,105.4
p03,2024-01-14 15:00:00,64.8
p03,2024-01-14 16:00:00,79.5
p03,2024-01-14 17:00:00,92.1
p03,2024-01-14 18:00:00,86.5
p03,2024-01-14 19:00:00,85.0
p03,2024-01-14 20:00:00,94.8
p03,2024-01-14 21:00:00,59.0
p03,2024-01-14 22:00:00,66.5
p03,2024-01-14 23:00:00,66.8
p04,2024-01-01 00:00:00,57.4
p04,2024-01-01 01:00:00,62.6
p04,2024-01-01 02:00:00,61.2
p04,2024-01-01 03:00:00,59.8
p04,2024-01-01 04:00:00,58.5
p04,2024-01-01 05:00:00,58.3
p04,2024-01-01 06:00:00,71.2
p04,2024-01-01 07:00:00,75.9
p04,2024-01-01 08:00:00,82.9
p04,2024-01-01 09:00:00,81.1
p04,2024-01-01 10:00:00,82.6
p04,2024-01-01 11:00:00,62.3
p04,2024-01-01 12:00:00,79.0
p04,2024-01-01 13:00:00,75.4
p04,2024-01-01 14:00:00,75.1
p04,2024-01-01 15:00:00,60.4
p04,2024-01-01 16:00:00,81.8
p04,2024-01-01 17:00:00,99.3
p04,2024-01-01 18:00:00,92.4
p04,2024-01-01 19:00:00,96.6
p04,2024-01-01 20:00:00,99.9
p04,2024-01-01 21:00:00,57.4
p04,2024-01-01 22:00:00,58.1
p04,2024-01-01 23:00:00,63.4
p04,2024-01-02 00:00:00,54.7
p04,2024-01-02 01:00:00,53.8
p04,2024-01-02 02:00:00,66.2
p04,2024-01-02 03:00:00,61.2
p04,2024-01-02 04:00:00,61.2
p04,2024-01-02 05:00:00,56.0
p04,2024-01-02 06:00:00,71.0
p04,2024-01-02 07:00:00,70.9
p04,2024-01-02 08:00:00,67.2
p04,2024-01-02 09:00:00,72.2
p04,2024-01-02 10:00:00,80.8
p04,2024-01-02 11:00:00,73.2
p04,2024-01-02 12:00:00,90.1
p04,2024-01-02 13:00:00,86.1
p04,2024-01-02 14:00:00,93.5
p04,2024-01-02 15:00:00,74.0
p04,2024-01-02 16:00:00,83.2
p04,2024-01-02 17:00:00,73.3
p04,2024-01-02 18:00:00,81.5
p04,2024-01-02 19:00:00,75.4
p04,2024-01-02 20:00:00,75.4
p04,2024-01-02 21:00:00,64.7
p04,2024-01-02 22:00:00,63.4
p04,2024-01-02 23:00:00,58.2
p04,2024-01-03 00:00:00,59.0
p04,2024-01-03 01:00:00,61.0
p04,2024-01-03 02:00:00,58.3
p04,2024-01-03 03:00:00,63.6
p04,2024-01-03 04:00:00,60.7
p04,2024-01-03 05:00:00,57.2
p04,2024-01-03 06:00:00,96.5
p04,2024-01-03 07:00:00,76.3
p04,2024-01-03 08:00:00,74.0
p04,2024-01-03 09:00:00,74.3
p04,2024-01-03 10:00:00,82.6
p04,2024-01-03 11:00:00,57.3
p04,2024-01-03 12:00:00,88.1
p04,2024-01-03 13:00:00,88.8
p04,2024-01-03 14:00:00,95.4
p04,2024-01-03 15:00:00,89.7
p04,2024-01-03 16:00:00,77.2
p04,2024-01-03 17:00:00,75.5
p04,2024-01-03 18:00:00,104.5
p04,2024-01-03 19:00:00,110.6
p04,2024-01-03 20:00:00,85.7
p04,2024-01-03 21:00:00,71.5
p04,2024-01-03 22:00:00,65.5
p04,2024-01-03 23:00:00,69.7
p04,2024-01-04 00:00:00,61.6
p04,2024-01-04 01:00:00,49.3
p04,2024-01-04 02:00:00,62.4
p04,2024-01-04 03:00:00,55.7
p04,2024-01-04 04:00:00,62.1
p04,2024-01-04 05:00:00,58.0
p04,2024-01-04 06:00:00,87.2
p04,2024-01-04 07:00:00,75.2
p04,2024-01-04 08:00:00,76.0
p04,2024-01-04 09:00:00,64.1
p04,2024-01-04 10:00:00,78.9
p04,2024-01-04 11:00:00,85.1
p04,2024-01-04 12:00:00,71.6
p04,2024-01-04 13:00:00,72.0
p04,2024-01-04 14:00:00,91.3
p04,2024-01-04 15:00:00,60.0
p04,2024-01-04 16:00:00,68.8
p04,2024-01-04 17:00:00,73.2
p04,2024-01-04 18:00:00,74.7
p04,2024-01-04 19:00:00,67.2
p04,2024-01-04 20:00:00,75.2
p04,2024-01-04 21:00:00,69.9
p04,2024-01-04 22:00:00,68.8
p04,2024-01-04 23:00:00,63.9
p04,2024-01-05 00:00:00,55.8
p04,2024-01-05 01:00:00,59.8
p04,2024-01-05 02:00:00,52.5
p04,2024-01-05 03:00:00,61.7
p04,2024-01-05 04:00:00,55.4
p04,2024-01-05 05:00:00,53.3
p04,2024-01-05 06:00:00,73.3
p04,2024-01-05 07:00:00,63.9
p04,2024-01-05 08:00:00,77.6
p04,2024-01-05 09:00:00,67.8
p04,2024-01-05 10:00:00,78.1
p04,2024-01-05 11:00:00,70.5
p04,2024-01-05 12:00:00,86.4
p04,2024-01-05 13:00:00,80.4
p04,2024-01-05 14:00:00,70.7
p04,2024-01-05 15:00:00,67.8
p04,2024-01-05 16:00:00,70.3
p04,2024-01-05 17:00:00,70.5
p04,2024-01-05 18:00:00,96.9
p04,2024-01-05 19:00:00,83.4
p04,2024-01-05 20:00:00,96.7
p04,2024-01-05 21:00:00,67.2
p04,2024-01-05 22:00:00,69.9
p04,2024-01-05 23:00:00,66.6
p04,2024-01-06 00:00:00,52.8
p04,2024-01-06 01:00:00,60.0
p04,2024-01-06 02:00:00,54.8
p04,2024-01-06 03:00:00,57.9
p04,2024-01-06 04:00:00,63.0
p04,2024-01-06 05:00:00,52.7
p04,2024-01-06 06:00:00,75.3
p04,2024-01-06 07:00:00,69.5
p04,2024-01-06 08:00:00,72.3
p04,2024-01-06 09:00:00,82.5
p04,2024-01-06 10:00:00,68.4
p04,2024-01-06 11:00:00,70.4
p04,2024-01-06 12:00:00,84.7
p04,2024-01-06 13:00:00,78.7
p04,2024-01-06 14:00:00,89.0
p04,2024-01-06 15:00:00,76.0
p04,2024-01-06 16:00:00,97.6
p04,2024-01-06 17:00:00,64.9
p04,2024-01-06 18:00:00,93.1
p04,2024-01-06 19:00:00,91.8
p04,2024-01-06 20:00:00,66.8
p04,2024-01-06 21:00:00,59.3
p04,2024-01-06 22:00:00,57.0
p04,2024-01-06 23:00:00,71.2
p04,2024-01-07 00:00:00,59.1
p04,2024-01-07 01:00:00,58.2
p04,2024-01-07 02:00:00,60.8
p04,2024-01-07 03:00:00,53.4
p04,2024-01-07 04:00:00,57.9
p04,2024-01-07 05:00:00,53.3
p04,2024-01-07 06:00:00,70.2
p04,2024-01-07 07:00:00,64.8
p04,2024-01-07 08:00:00,68.3
p04,2024-01-07 09:00:00,85.0
p04,2024-01-07 10:00:00,75.2
p04,2024-01-07 11:00:00,77.2
p04,2024-01-07 12:00:00,94.4
p04,2024-01-07 13:00:00,78.8
p04,2024-01-07 14:00:00,83.2
p04,2024-01-07 15:00:00,75.9
p04,2024-01-07 16:00:00,76.5
p04,2024-01-07 17:00:00,84.9
p04,2024-01-07 18:00:00,103.1
p04,2024-01-07 19:00:00,82.4
p04,2024-01-07 20:00:00,99.8
p04,2024-01-07 21:00:00,62.3
p04,2024-01-07 22:00:00,65.0
p04,2024-01-07 23:00:00,62.2
p04,2024-01-08 00:00:00,56.7
p04,2024-01-08 01:00:00,54.3
p04,2024-01-08 02:00:00,51.2
p04,2024-01-08 03:00:00,57.5
p04,2024-01-08 04:00:00,57.5
p04,2024-01-08 05:00:00,54.1
p04,2024-01-08 06:00:00,65.5
p04,2024-01-08 07:00:00,72.2
p04,2024-01-08 08:00:00,71.1
p04,2024-01-08 09:00:00,81.7
p04,2024-01-08 10:00:00,82.3
p04,2024-01-08 11:00:00,73.4
p04,2024-01-08 12:00:00,84.5
p04,2024-01-08 13:00:00,78.0
p04,2024-01-08 14:00:00,66.5
p04,2024-01-08 15:00:00,88.8
p04,2024-01-08 16:00:00,103.1
p04,2024-01-08 17:00:00,72.3
p04,2024-01-08 18:00:00,69.3
p04,2024-01-08 19:00:00,70.1
p04,2024-01-08 20:00:00,79.8
p04,2024-01-08 21:00:00,66.1
p04,2024-01-08 22:00:00,59.4
p04,2024-01-08 23:00:00,66.5
p04,2024-01-09 00:00:00,51.1
p04,2024-01-09 01:00:00,53.1
p04,2024-01-09 02:00:00,58.9
p04,2024-01-09 03:00:00,54.5
p04,2024-01-09 04:00:00,56.7
p04,2024-01-09 05:00:00,54.3
p04,2024-01-09 06:00:00,65.2
p04,2024-01-09 07:00:00,82.3
p04,2024-01-09 08:00:00,88.4
p04,2024-01-09 09:00:00,101.6
p04,2024-01-09 10:00:00,99.2
p04,2024-01-09 11:00:00,103.3
p04,2024-01-09 12:00:00,77.7
p04,2024-01-09 13:00:00,97.8
p04,2024-01-09 14:00:00,77.2
p04,2024-01-09 15:00:00,88.4
p04,2024-01-09 16:00:00,86.2
p04,2024-01-09 17:00:00,101.3
p04,2024-01-09 18:00:00,85.6
p04,2024-01-09 19:00:00,81.6
p04,2024-01-09 20:00:00,85.3
p04,2024-01-09 21:00:00,66.5
p04,2024-01-09 22:00:00,65.9
p04,2024-01-09 23:00:00,67.5
p04,2024-01-10 00:00:00,54.4
p04,2024-01-10 01:00:00,49.6
p04,2024-01-10 02:00:00,64.5
p04,2024-01-10 03:00:00,54.1
p04,2024-01-10 04:00:00,53.2
p04,2024-01-10 05:00:00,58.1
p04,2024-01-10 06:00:00,83.9
p04,2024-01-10 07:00:00,73.3
p04,2024-01-10 08:00:00,63.5
p04,2024-01-10 09:00:00,94.5
p04,2024-01-10 10:00:00,77.7
p04,2024-01-10 11:00:00,82.3
p04,2024-01-10 12:00:00,84.3
p04,2024-01-10 13:00:00,98.2
p04,2024-01-10 14:00:00,78.7
p04,2024-01-10 15:00:00,74.2
p04,2024-01-10 16:00:00,64.7
p04,2024-01-10 17:00:00,72.4
p04,2024-01-10 18:00:00,80.8
p04,2024-01-10 19:00:00,84.8
p04,2024-01-10 20:00:00,75.9
p04,2024-01-10 21:00:00,58.2
p04,2024-01-10 22:00:00,52.1
p04,2024-01-10 23:00:00,68.9
p04,2024-01-11 00:00:00,54.1
p04,2024-01-11 01:00:00,56.3
p04,2024-01-11 02:00:00,61.8
p04,2024-01-11 03:00:00,57.0
p04,2024-01-11 04:00:00,62.3
p04,2024-01-11 05:00:00,58.1
p04,2024-01-11 06:00:00,59.2
p04,2024-01-11 07:00:00,68.4
p04,2024-01-11 08:00:00,76.5
p04,2024-01-11 09:00:00,73.1
p04,2024-01-11 10:00:00,88.5
p04,2024-01-11 11:00:00,59.9
p04,2024-01-11 12:00:00,73.3
p04,2024-01-11 13:00:00,69.4
p04,2024-01-11 14:00:00,71.7
p04,2024-01-11 15:00:00,97.3
p04,2024-01-11 16:00:00,106.0
p04,2024-01-11 17:00:00,77.4
p04,2024-01-11 18:00:00,96.3
p04,2024-01-11 19:00:00,101.9
p04,2024-01-11 20:00:00,112.5
p04,2024-01-11 21:00:00,59.9
p04,2024-01-11 22:00:00,65.0
p04,2024-01-11 23:00:00,71.9
p04,2024-01-12 00:00:00,58.8
p04,2024-01-12 01:00:00,53.8
p04,2024-01-12 02:00:00,58.8
p04,2024-01-12 03:00:00,65.3
p04,2024-01-12 04:00:00,52.4
p04,2024-01-12 05:00:00,55.9
p04,2024-01-12 06:00:00,69.5
p04,2024-01-12 07:00:00,87.2
p04,2024-01-12 08:00:00,89.8
p04,2024-01-12 09:00:00,68.8
p04,2024-01-12 10:00:00,77.6
p04,2024-01-12 11:00:00,86.8
p04,2024-01-12 12:00:00,86.7
p04,2024-01-12 13:00:00,87.2
p04,2024-01-12 14:00:00,79.0
p04,2024-01-12 15:00:00,70.8
p04,2024-01-12 16:00:00,88.5
p04,2024-01-12 17:00:00,71.3
p04,2024-01-12 18:00:00,72.0
p04,2024-01-12 19:00:00,68.4
p04,2024-01-12 20:00:00,86.9
p04,2024-01-12 21:00:00,76.1
p04,2024-01-12 22:00:00,63.5
p04,2024-01-12 23:00:00,60.2
p04,2024-01-13 00:00:00,62.7
p04,2024-01-13 01:00:00,60.2
p04,2024-01-13 02:00:00,52.8
p04,2024-01-13 03:00:00,53.9
p04,2024-01-13 04:00:00,51.1
p04,2024-01-13 05:00:00,64.3
p04,2024-01-13 06:00:00,61.8
p04,2024-01-13 07:00:00,59.1
p04,2024-01-13 08:00:00,64.2
p04,2024-01-13 09:00:00,79.9
p04,2024-01-13 10:00:00,81.1
p04,2024-01-13 11:00:00,85.4
p04,2024-01-13 12:00:00,59.0
p04,2024-01-13 13:00:00,71.5
p04,2024-01-13 14:00:00,67.3
p04,2024-01-13 15:00:00,78.2
p04,2024-01-13 16:00:00,69.7
p04,2024-01-13 17:00:00,80.3
p04,2024-01-13 18:00:00,99.0
p04,2024-01-13 19:00:00,82.3
p04,2024-01-13 20:00:00,73.8
p04,2024-01-13 21:00:00,57.1
p04,2024-01-13 22:00:00,69.4
p04,2024-01-13 23:00:00,58.0
p04,2024-01-14 00:00:00,59.2
p04,2024-01-14 01:00:00,61.4
p04,2024-01-14 02:00:00,62.3
p04,2024-01-14 03:00:00,54.8
p04,2024-01-14 04:00:00,57.4
p04,2024-01-14 05:00:00,63.4
p04,2024-01-14 06:00:00,72.6
p04,2024-01-14 07:00:00,74.1
p04,2024-01-14 08:00:00,86.5
p04,2024-01-14 09:00:00,64.8
p04,2024-01-14 10:00:00,92.1
p04,2024-01-14 11:00:00,81.9
p04,2024-01-14 12:00:00,86.2
p04,2024-01-14 13:00:00,113.3
p04,2024-01-14 14:00:00,93.7
p04,2024-01-14 15:00:00,85.9
p04,2024-01-14 16:00:00,68.7
p04,2024-01-14 17:00:00,90.2
p04,2024-01-14 18:00:00,71.8
p04,2024-01-14 19:00:00,68.7
p04,2024-01-14 20:00:00,63.4
p04,2024-01-14 21:00:00,63.5
p04,2024-01-14 22:00:00,60.5
p04,2024-01-14 23:00:00,58.0
