participant_id,date,mean_hr,resting_hr,peak_hr,observed_hr_intervals
p01,2024-01-01,74.69583333333334,57.315,100.6,24
p01,2024-01-02,70.01666666666667,56.8,94.8,24
p01,2024-01-03,74.675,55.105000000000004,124.3,24
p01,2024-01-04,73.30416666666666,55.985,101.2,24
p01,2024-01-05,73.09166666666667,55.72,98.8,24
p01,2024-01-06,71.175,56.93,99.4,24
p01,2024-01-07,70.39166666666667,52.68,97.3,24
p01,2024-01-08,69.96666666666667,57.905,99.0,24
p01,2024-01-09,73.27499999999999,53.78,106.0,24
p01,2024-01-10,73.53750000000001,56.975,98.0,24
p01,2024-01-11,69.2375,54.660000000000004,88.8,24
p01,2024-01-12,71.46249999999999,54.01,93.9,24
p01,2024-01-13,71.45,53.949999999999996,92.3,24
p01,2024-01-14,70.55,54.475,96.1,24
p02,2024-01-01,73.175,55.335,90.4,24
p02,2024-01-02,74.79166666666667,56.13,107.2,24
p02,2024-01-03,72.575,53.145,102.9,24
p02,2024-01-04,71.12083333333332,57.89,85.3,24
p02,2024-01-05,73.075,55.165,116.9,24
p02,2024-01-06,71.24166666666666,59.019999999999996,93.3,24
p02,2024-01-07,70.80416666666666,56.865,87.9,24
p02,2024-01-08,72.11666666666666,59.419999999999995,95.5,24
p02,2024-01-09,69.6875,52.425000000000004,90.7,24
p02,2024-01-10,73.47083333333333,56.690000000000005,92.2,24
p02,2024-01-11,74.325,56.7,127.6,24
p02,2024-01-12,72.85000000000001,54.06,104.0,24
p02,2024-01-13,74.56666666666666,54.99,99.5,24
p02,2024-01-14,71.9375,56.485,97.5,24
p03,2024-01-01,73.90833333333333,56.415,100.6,24
p03,2024-01-02,69.37083333333334,52.105000000000004,91.4,24
p03,2024-01-03,75.30833333333334,57.015,107.1,24
p03,2024-01-04,73.55,55.04,96.4,24
p03,2024-01-05,75.37083333333334,58.33,113.4,24
p03,2024-01-06,72.07083333333334,55.99,89.3,24
p03,2024-01-07,73.27916666666667,53.3,118.7,24
p03,2024-01-08,70.86666666666666,57.83,94.4,24
p03,2024-01-09,69.21666666666667,55.305,97.2,24
p03,2024-01-10,70.5625,57.434999999999995,105.0,24
p03,2024-01-11,76.29166666666667,53.07,111.4,24
p03,2024-01-12,71.82916666666667,52.905,95.6,24
p03,2024-01-13,73.88333333333334,52.045,113.5,24
p03,2024-01-14,72.15833333333333,53.82,105.4,24
p04,2024-01-01,73.02499999999999,57.505,99.9,24
p04,2024-01-02,71.13333333333334,54.895,93.5,24
p04,2024-01-03,76.79166666666667,57.449999999999996,110.6,24
p04,2024-01-04,69.675,56.045,91.3,24
p04,2024-01-05,70.6875,53.614999999999995,96.9,24
p04,2024-01-06,71.2375,53.099999999999994,97.6,24
p04,2024-01-07,72.99583333333334,54.074999999999996,103.1,24
p04,2024-01-08,70.07916666666667,54.13,103.1,24
p04,2024-01-09,77.06666666666666,53.28,103.3,24
p04,2024-01-10,70.92916666666666,52.265,98.2,24
p04,2024-01-11,74.075,56.405,112.5,24
p04,2024-01-12,72.30416666666666,54.114999999999995,89.8,24
p04,2024-01-13,68.42083333333333,52.964999999999996,99.0,24
p04,2024-01-14,73.10000000000001,57.49,113.3,24
