participant_id,timestamp,heart_rate_bpm,steps
p01,2024-01-01 00:00:00,57.4,0
p01,2024-01-01 01:00:00,57.3,0
p01,2024-01-01 02:00:00,57.6,0
p01,2024-01-01 03:00:00,60.8,0
p01,2024-01-01 04:00:00,57.5,0
p01,2024-01-01 05:00:00,52.0,0
p01,2024-01-01 06:00:00,74.7,1364
p01,2024-01-01 07:00:00,69.9,565
p01,2024-01-01 08:00:00,77.5,1534
p01,2024-01-01 09:00:00,79.3,2032
p01,2024-01-01 10:00:00,84.6,2130
p01,2024-01-01 11:00:00,79.1,2236
p01,2024-01-01 12:00:00,71.9,1203
p01,2024-01-01 13:00:00,77.6,884
p01,2024-01-01 14:00:00,82.4,1126
p01,2024-01-01 15:00:00,80.9,1665
p01,2024-01-01 16:00:00,78.9,1489
p01,2024-01-01 17:00:00,86.9,1009
p01,2024-01-01 18:00:00,100.6,2408
p01,2024-01-01 19:00:00,98.7,3472
p01,2024-01-01 20:00:00,94.6,2881
p01,2024-01-01 21:00:00,66.5,137
p01,2024-01-01 22:00:00,73.0,20
p01,2024-01-01 23:00:00,73.0,141
p01,2024-01-02 00:00:00,56.5,0
p01,2024-01-02 01:00:00,63.4,0
p01,2024-01-02 02:00:00,60.8,0
p01,2024-01-02 03:00:00,55.5,0
p01,2024-01-02 04:00:00,58.5,0
p01,2024-01-02 05:00:00,59.4,0
p01,2024-01-02 06:00:00,64.7,663
p01,2024-01-02 07:00:00,60.3,976
p01,2024-01-02 08:00:00,77.2,1428
p01,2024-01-02 09:00:00,70.7,2101
p01,2024-01-02 10:00:00,81.0,1527
p01,2024-01-02 11:00:00,72.9,1229
p01,2024-01-02 12:00:00,71.0,1299
p01,2024-01-02 13:00:00,63.6,1263
p01,2024-01-02 14:00:00,94.8,1893
p01,2024-01-02 15:00:00,88.2,1301
p01,2024-01-02 16:00:00,87.1,1940
p01,2024-01-02 17:00:00,90.4,1249
p01,2024-01-02 18:00:00,68.9,697
p01,2024-01-02 19:00:00,60.9,328
p01,2024-01-02 20:00:00,75.3,461
p01,2024-01-02 21:00:00,66.3,102
p01,2024-01-02 22:00:00,64.6,145
p01,2024-01-02 23:00:00,68.4,183
p01,2024-01-03 00:00:00,55.7,0
p01,2024-01-03 01:00:00,63.4,0
p01,2024-01-03 02:00:00,51.0,0
p01,2024-01-03 03:00:00,63.4,0
p01,2024-01-03 04:00:00,55.0,0
p01,2024-01-03 05:00:00,58.8,0
p01,2024-01-03 06:00:00,72.2,1038
p01,2024-01-03 07:00:00,82.3,1697
p01,2024-01-03 08:00:00,62.5,1241
p01,2024-01-03 09:00:00,83.8,1249
p01,2024-01-03 10:00:00,83.5,1810
p01,2024-01-03 11:00:00,77.9,986
p01,2024-01-03 12:00:00,80.9,756
p01,2024-01-03 13:00:00,56.2,1242
p01,2024-01-03 14:00:00,90.1,930
p01,2024-01-03 15:00:00,94.8,1588
p01,2024-01-03 16:00:00,57.5,1883
p01,2024-01-03 17:00:00,104.6,1314
p01,2024-01-03 18:00:00,124.3,1047
p01,2024-01-03 19:00:00,89.6,3786
p01,2024-01-03 20:00:00,90.8,3199
p01,2024-01-03 21:00:00,57.6,192
p01,2024-01-03 22:00:00,64.2,28
p01,2024-01-03 23:00:00,72.1,75
p01,2024-01-04 00:00:00,54.0,0
p01,2024-01-04 01:00:00,59.8,0
p01,2024-01-04 02:00:00,65.8,0
p01,2024-01-04 03:00:00,55.7,0
p01,2024-01-04 04:00:00,57.6,0
p01,2024-01-04 05:00:00,62.7,0
p01,2024-01-04 06:00:00,79.7,1780
p01,2024-01-04 07:00:00,87.9,1111
p01,2024-01-04 08:00:00,77.2,907
p01,2024-01-04 09:00:00,68.0,1113
p01,2024-01-04 10:00:00,73.8,2394
p01,2024-01-04 11:00:00,82.2,1886
p01,2024-01-04 12:00:00,94.1,1100
p01,2024-01-04 13:00:00,72.1,619
p01,2024-01-04 14:00:00,89.2,1429
p01,2024-01-04 15:00:00,88.1,1290
p01,2024-01-04 16:00:00,101.2,961
p01,2024-01-04 17:00:00,89.3,975
p01,2024-01-04 18:00:00,73.3,800
p01,2024-01-04 19:00:00,60.4,689
p01,2024-01-04 20:00:00,70.9,637
p01,2024-01-04 21:00:00,64.5,121
p01,2024-01-04 22:00:00,67.8,135
p01,2024-01-04 23:00:00,64.0,155
p01,2024-01-05 00:00:00,55.6,0
p01,2024-01-05 01:00:00,59.3,0
p01,2024-01-05 02:00:00,51.7,0
p01,2024-01-05 03:00:00,56.4,0
p01,2024-01-05 04:00:00,59.0,0
p01,2024-01-05 05:00:00,61.3,0
p01,2024-01-05 06:00:00,83.6,1397
p01,2024-01-05 07:00:00,71.6,1559
p01,2024-01-05 08:00:00,66.2,631
p01,2024-01-05 09:00:00,80.3,1492
p01,2024-01-05 10:00:00,90.6,2005
p01,2024-01-05 11:00:00,79.7,1251
p01,2024-01-05 12:00:00,98.8,660
p01,2024-01-05 13:00:00,80.9,834
p01,2024-01-05 14:00:00,84.3,1476
p01,2024-01-05 15:00:00,83.0,945
p01,2024-01-05 16:00:00,74.0,1794
p01,2024-01-05 17:00:00,81.3,1238
p01,2024-01-05 18:00:00,71.7,3338
p01,2024-01-05 19:00:00,89.1,3360
p01,2024-01-05 20:00:00,69.1,2667
p01,2024-01-05 21:00:00,66.5,48
p01,2024-01-05 22:00:00,71.1,90
p01,2024-01-05 23:00:00,69.1,108
p01,2024-01-06 00:00:00,51.2,0
p01,2024-01-06 01:00:00,62.2,0
p01,2024-01-06 02:00:00,63.5,0
p01,2024-01-06 03:00:00,59.9,0
p01,2024-01-06 04:00:00,57.1,0
p01,2024-01-06 05:00:00,56.9,0
p01,2024-01-06 06:00:00,70.0,723
p01,2024-01-06 07:00:00,57.8,1009
p01,2024-01-06 08:00:00,75.6,787
p01,2024-01-06 09:00:00,89.6,1664
p01,2024-01-06 10:00:00,82.5,954
p01,2024-01-06 11:00:00,88.2,1707
p01,2024-01-06 12:00:00,88.4,700
p01,2024-01-06 13:00:00,57.9,651
p01,2024-01-06 14:00:00,74.8,830
p01,2024-01-06 15:00:00,71.8,991
p01,2024-01-06 16:00:00,99.4,1140
p01,2024-01-06 17:00:00,73.3,1632
p01,2024-01-06 18:00:00,69.5,505
p01,2024-01-06 19:00:00,75.5,762
p01,2024-01-06 20:00:00,82.3,499
p01,2024-01-06 21:00:00,66.8,67
p01,2024-01-06 22:00:00,72.9,73
p01,2024-01-06 23:00:00,61.1,108
p01,2024-01-07 00:00:00,55.9,0
p01,2024-01-07 01:00:00,51.9,0
p01,2024-01-07 02:00:00,59.2,0
p01,2024-01-07 03:00:00,52.2,0
p01,2024-01-07 04:00:00,55.4,0
p01,2024-01-07 05:00:00,58.2,0
p01,2024-01-07 06:00:00,72.6,1610
p01,2024-01-07 07:00:00,74.7,624
p01,2024-01-07 08:00:00,72.0,1696
p01,2024-01-07 09:00:00,74.6,1776
p01,2024-01-07 10:00:00,58.4,1122
p01,2024-01-07 11:00:00,77.6,916
p01,2024-01-07 12:00:00,84.8,790
p01,2024-01-07 13:00:00,78.8,670
p01,2024-01-07 14:00:00,69.6,1281
p01,2024-01-07 15:00:00,73.6,1626
p01,2024-01-07 16:00:00,97.3,1304
p01,2024-01-07 17:00:00,96.4,1985
p01,2024-01-07 18:00:00,77.7,2717
p01,2024-01-07 19:00:00,83.3,3692
p01,2024-01-07 20:00:00,79.2,2068
p01,2024-01-07 21:00:00,61.9,52
p01,2024-01-07 22:00:00,62.9,67
p01,2024-01-07 23:00:00,61.2,101
p01,2024-01-08 00:00:00,61.9,0
p01,2024-01-08 01:00:00,62.2,0
p01,2024-01-08 02:00:00,49.1,0
p01,2024-01-08 03:00:00,60.4,0
p01,2024-01-08 04:00:00,58.5,0
p01,2024-01-08 05:00:00,57.8,0
p01,2024-01-08 06:00:00,64.5,704
p01,2024-01-08 07:00:00,64.9,650
p01,2024-01-08 08:00:00,62.8,771
p01,2024-01-08 09:00:00,75.2,1514
p01,2024-01-08 10:00:00,93.1,1556
p01,2024-01-08 11:00:00,64.0,1383
p01,2024-01-08 12:00:00,92.5,1320
p01,2024-01-08 13:00:00,99.0,909
p01,2024-01-08 14:00:00,59.4,1883
p01,2024-01-08 15:00:00,62.9,816
p01,2024-01-08 16:00:00,75.7,1012
p01,2024-01-08 17:00:00,70.9,1075
p01,2024-01-08 18:00:00,73.5,680
p01,2024-01-08 19:00:00,91.7,583
p01,2024-01-08 20:00:00,78.6,407
p01,2024-01-08 21:00:00,68.4,183
p01,2024-01-08 22:00:00,60.8,67
p01,2024-01-08 23:00:00,71.4,129
p01,2024-01-09 00:00:00,49.3,0
p01,2024-01-09 01:00:00,58.6,0
p01,2024-01-09 02:00:00,59.0,0
p01,2024-01-09 03:00:00,56.6,0
p01,2024-01-09 04:00:00,55.1,0
p01,2024-01-09 05:00:00,59.5,0
p01,2024-01-09 06:00:00,85.7,1804
p01,2024-01-09 07:00:00,72.3,1036
p01,2024-01-09 08:00:00,76.6,1945
p01,2024-01-09 09:00:00,87.2,1675
p01,2024-01-09 10:00:00,73.5,2215
p01,2024-01-09 11:00:00,76.2,1105
p01,2024-01-09 12:00:00,58.2,1196
p01,2024-01-09 13:00:00,73.6,1165
p01,2024-01-09 14:00:00,85.1,1431
p01,2024-01-09 15:00:00,86.2,1546
p01,2024-01-09 16:00:00,96.4,881
p01,2024-01-09 17:00:00,71.4,1532
p01,2024-01-09 18:00:00,97.8,1421
p01,2024-01-09 19:00:00,106.0,2448
p01,2024-01-09 20:00:00,100.9,2664
p01,2024-01-09 21:00:00,54.8,158
p01,2024-01-09 22:00:00,65.0,60
p01,2024-01-09 23:00:00,53.6,41
p01,2024-01-10 00:00:00,65.2,0
p01,2024-01-10 01:00:00,56.9,0
p01,2024-01-10 02:00:00,58.7,0
p01,2024-01-10 03:00:00,57.4,0
p01,2024-01-10 04:00:00,57.7,0
p01,2024-01-10 05:00:00,54.4,0
p01,2024-01-10 06:00:00,85.1,1008
p01,2024-01-10 07:00:00,65.9,1046
p01,2024-01-10 08:00:00,78.7,1283
p01,2024-01-10 09:00:00,91.1,879
p01,2024-01-10 10:00:00,82.5,2472
p01,2024-01-10 11:00:00,72.5,1742
p01,2024-01-10 12:00:00,67.0,1492
p01,2024-01-10 13:00:00,98.0,833
p01,2024-01-10 14:00:00,84.5,1616
p01,2024-01-10 15:00:00,96.5,1472
p01,2024-01-10 16:00:00,81.3,1371
p01,2024-01-10 17:00:00,85.7,1519
p01,2024-01-10 18:00:00,69.9,731
p01,2024-01-10 19:00:00,68.7,574
p01,2024-01-10 20:00:00,74.1,749
p01,2024-01-10 21:00:00,66.0,66
p01,2024-01-10 22:00:00,70.6,67
p01,2024-01-10 23:00:00,76.5,9
p01,2024-01-11 00:00:00,61.3,0
p01,2024-01-11 01:00:00,60.7,0
p01,2024-01-11 02:00:00,57.5,0
p01,2024-01-11 03:00:00,54.6,0
p01,2024-01-11 04:00:00,54.2,0
p01,2024-01-11 05:00:00,55.0,0
p01,2024-01-11 06:00:00,64.1,1021
p01,2024-01-11 07:00:00,78.9,590
p01,2024-01-11 08:00:00,71.9,1602
p01,2024-01-11 09:00:00,77.4,2206
p01,2024-01-11 10:00:00,74.9,2173
p01,2024-01-11 11:00:00,61.8,1203
p01,2024-01-11 12:00:00,77.0,1280
p01,2024-01-11 13:00:00,83.4,938
p01,2024-01-11 14:00:00,71.4,1055
p01,2024-01-11 15:00:00,71.7,1415
p01,2024-01-11 16:00:00,67.2,1468
p01,2024-01-11 17:00:00,81.3,1624
p01,2024-01-11 18:00:00,88.8,1785
p01,2024-01-11 19:00:00,77.0,2722
p01,2024-01-11 20:00:00,87.5,1712
p01,2024-01-11 21:00:00,60.8,157
p01,2024-01-11 22:00:00,60.4,0
p01,2024-01-11 23:00:00,62.9,77
p01,2024-01-12 00:00:00,57.0,0
p01,2024-01-12 01:00:00,62.1,0
p01,2024-01-12 02:00:00,52.9,0
p01,2024-01-12 03:00:00,55.2,0
p01,2024-01-12 04:00:00,53.8,0
p01,2024-01-12 05:00:00,58.9,0
p01,2024-01-12 06:00:00,74.0,847
p01,2024-01-12 07:00:00,80.8,1849
p01,2024-01-12 08:00:00,80.3,1796
p01,2024-01-12 09:00:00,84.1,2068
p01,2024-01-12 10:00:00,68.6,2338
p01,2024-01-12 11:00:00,93.9,1281
p01,2024-01-12 12:00:00,76.0,803
p01,2024-01-12 13:00:00,72.4,750
p01,2024-01-12 14:00:00,89.4,1773
p01,2024-01-12 15:00:00,83.1,949
p01,2024-01-12 16:00:00,62.0,1978
p01,2024-01-12 17:00:00,87.8,1198
p01,2024-01-12 18:00:00,73.4,504
p01,2024-01-12 19:00:00,67.3,424
p01,2024-01-12 20:00:00,82.3,757
p01,2024-01-12 21:00:00,71.1,192
p01,2024-01-12 22:00:00,71.7,199
p01,2024-01-12 23:00:00,57.0,108
p01,2024-01-13 00:00:00,59.4,0
p01,2024-01-13 01:00:00,65.1,0
p01,2024-01-13 02:00:00,56.5,0
p01,2024-01-13 03:00:00,53.8,0
p01,2024-01-13 04:00:00,49.6,0
p01,2024-01-13 05:00:00,54.8,0
p01,2024-01-13 06:00:00,75.1,1451
p01,2024-01-13 07:00:00,75.0,1867
p01,2024-01-13 08:00:00,62.0,1149
p01,2024-01-13 09:00:00,75.5,2346
p01,2024-01-13 10:00:00,88.7,2273
p01,2024-01-13 11:00:00,69.3,1833
p01,2024-01-13 12:00:00,56.6,1056
p01,2024-01-13 13:00:00,91.6,762
p01,2024-01-13 14:00:00,81.5,1330
p01,2024-01-13 15:00:00,70.7,1306
p01,2024-01-13 16:00:00,86.3,1867
p01,2024-01-13 17:00:00,75.2,1792
p01,2024-01-13 18:00:00,86.6,1317
p01,2024-01-13 19:00:00,86.4,3922
p01,2024-01-13 20:00:00,92.3,2309
p01,2024-01-13 21:00:00,68.9,138
p01,2024-01-13 22:00:00,67.5,98
p01,2024-01-13 23:00:00,66.4,177
p01,2024-01-14 00:00:00,59.6,0
p01,2024-01-14 01:00:00,60.3,0
p01,2024-01-14 02:00:00,54.9,0
p01,2024-01-14 03:00:00,59.8,0
p01,2024-01-14 04:00:00,56.6,0
p01,2024-01-14 05:00:00,58.3,0
p01,2024-01-14 06:00:00,76.0,1696
p01,2024-01-14 07:00:00,65.1,1924
p01,2024-01-14 08:00:00,88.4,1679
p01,2024-01-14 09:00:00,80.5,1579
p01,2024-01-14 10:00:00,54.3,1411
p01,2024-01-14 11:00:00,81.4,2343
p01,2024-01-14 12:00:00,60.5,1455
p01,2024-01-14 13:00:00,96.1,1029
p01,2024-01-14 14:00:00,66.2,1251
p01,2024-01-14 15:00:00,78.1,1799
p01,2024-01-14 16:00:00,84.0,859
p01,2024-01-14 17:00:00,92.5,1596
p01,2024-01-14 18:00:00,68.8,507
p01,2024-01-14 19:00:00,85.3,670
p01,2024-01-14 20:00:00,79.6,365
p01,2024-01-14 21:00:00,69.8,159
p01,2024-01-14 22:00:00,54.4,151
p01,2024-01-14 23:00:00,62.7,144
p02,2024-01-01 00:00:00,64.0,0
p02,2024-01-01 01:00:00,59.5,0
p02,2024-01-01 02:00:00,60.8,0
p02,2024-01-01 03:00:00,61.5,0
p02,2024-01-01 04:00:00,54.6,0
p02,2024-01-01 05:00:00,51.7,0
p02,2024-01-01 06:00:00,63.0,539
p02,2024-01-01 07:00:00,74.7,1552
p02,2024-01-01 08:00:00,65.0,1620
p02,2024-01-01 09:00:00,82.0,2346
p02,2024-01-01 10:00:00,87.5,918
p02,2024-01-01 11:00:00,75.0,1019
p02,2024-01-01 12:00:00,85.0,698
p02,2024-01-01 13:00:00,69.5,764
p02,2024-01-01 14:00:00,70.3,1592
p02,2024-01-01 15:00:00,81.1,1837
p02,2024-01-01 16:00:00,81.1,930
p02,2024-01-01 17:00:00,88.3,900
p02,2024-01-01 18:00:00,86.5,1251
p02,2024-01-01 19:00:00,90.4,1678
p02,2024-01-01 20:00:00,86.0,3139
p02,2024-01-01 21:00:00,75.0,159
p02,2024-01-01 22:00:00,72.8,149
p02,2024-01-01 23:00:00,70.9,167
p02,2024-01-02 00:00:00,63.5,0
p02,2024-01-02 01:00:00,55.5,0
p02,2024-01-02 02:00:00,62.6,0
p02,2024-01-02 03:00:00,61.1,0
p02,2024-01-02 04:00:00,60.0,0
p02,2024-01-02 05:00:00,49.7,0
p02,2024-01-02 06:00:00,67.2,1935
p02,2024-01-02 07:00:00,80.6,1398
p02,2024-01-02 08:00:00,79.8,1154
p02,2024-01-02 09:00:00,94.8,902
p02,2024-01-02 10:00:00,83.6,2291
p02,2024-01-02 11:00:00,72.5,1180
p02,2024-01-02 12:00:00,77.8,1165
p02,2024-01-02 13:00:00,76.0,1278
p02,2024-01-02 14:00:00,90.8,1540
p02,2024-01-02 15:00:00,89.6,1688
p02,2024-01-02 16:00:00,107.2,971
p02,2024-01-02 17:00:00,88.7,1533
p02,2024-01-02 18:00:00,77.4,640
p02,2024-01-02 19:00:00,77.4,674
p02,2024-01-02 20:00:00,83.2,355
p02,2024-01-02 21:00:00,72.5,176
p02,2024-01-02 22:00:00,59.7,9
p02,2024-01-02 23:00:00,63.8,37
p02,2024-01-03 00:00:00,66.6,0
p02,2024-01-03 01:00:00,58.1,0
p02,2024-01-03 02:00:00,60.0,0
p02,2024-01-03 03:00:00,57.7,0
p02,2024-01-03 04:00:00,56.8,0
p02,2024-01-03 05:00:00,46.0,0
p02,2024-01-03 06:00:00,85.7,1191
p02,2024-01-03 07:00:00,62.5,742
p02,2024-01-03 08:00:00,70.1,1939
p02,2024-01-03 09:00:00,66.5,1734
p02,2024-01-03 10:00:00,89.0,1589
p02,2024-01-03 11:00:00,61.6,978
p02,2024-01-03 12:00:00,78.8,811
p02,2024-01-03 13:00:00,74.8,1467
p02,2024-01-03 14:00:00,91.4,1978
p02,2024-01-03 15:00:00,78.0,1626
p02,2024-01-03 16:00:00,81.1,1470
p02,2024-01-03 17:00:00,95.3,1614
p02,2024-01-03 18:00:00,89.5,1728
p02,2024-01-03 19:00:00,102.9,1769
p02,2024-01-03 20:00:00,84.4,3742
p02,2024-01-03 21:00:00,52.5,59
p02,2024-01-03 22:00:00,68.4,48
p02,2024-01-03 23:00:00,64.1,198
p02,2024-01-04 00:00:00,58.8,0
p02,2024-01-04 01:00:00,61.8,0
p02,2024-01-04 02:00:00,60.8,0
p02,2024-01-04 03:00:00,57.8,0
p02,2024-01-04 04:00:00,56.6,0
p02,2024-01-04 05:00:00,58.4,0
p02,2024-01-04 06:00:00,81.9,1755
p02,2024-01-04 07:00:00,73.7,1546
p02,2024-01-04 08:00:00,79.2,1535
p02,2024-01-04 09:00:00,70.3,1028
p02,2024-01-04 10:00:00,71.1,1066
p02,2024-01-04 11:00:00,74.3,1719
p02,2024-01-04 12:00:00,80.6,606
p02,2024-01-04 13:00:00,73.1,711
p02,2024-01-04 14:00:00,80.4,1650
p02,2024-01-04 15:00:00,77.1,1211
p02,2024-01-04 16:00:00,78.6,1182
p02,2024-01-04 17:00:00,85.3,1570
p02,2024-01-04 18:00:00,80.2,575
p02,2024-01-04 19:00:00,79.6,368
p02,2024-01-04 20:00:00,70.6,424
p02,2024-01-04 21:00:00,64.3,51
p02,2024-01-04 22:00:00,65.2,122
p02,2024-01-04 23:00:00,67.2,179
p02,2024-01-05 00:00:00,65.0,0
p02,2024-01-05 01:00:00,55.0,0
p02,2024-01-05 02:00:00,59.3,0
p02,2024-01-05 03:00:00,53.6,0
p02,2024-01-05 04:00:00,56.1,0
p02,2024-01-05 05:00:00,61.0,0
p02,2024-01-05 06:00:00,77.4,1811
p02,2024-01-05 07:00:00,72.3,807
p02,2024-01-05 08:00:00,69.3,1112
p02,2024-01-05 09:00:00,92.5,2280
p02,2024-01-05 10:00:00,67.2,2340
p02,2024-01-05 11:00:00,79.3,2329
p02,2024-01-05 12:00:00,57.9,1224
p02,2024-01-05 13:00:00,73.0,1038
p02,2024-01-05 14:00:00,80.0,1977
p02,2024-01-05 15:00:00,70.1,944
p02,2024-01-05 16:00:00,87.2,1115
p02,2024-01-05 17:00:00,104.5,850
p02,2024-01-05 18:00:00,78.7,3612
p02,2024-01-05 19:00:00,73.6,3865
p02,2024-01-05 20:00:00,116.9,3672
p02,2024-01-05 21:00:00,69.5,59
p02,2024-01-05 22:00:00,66.3,186
p02,2024-01-05 23:00:00,68.1,132
p02,2024-01-06 00:00:00,60.3,0
p02,2024-01-06 01:00:00,58.9,0
p02,2024-01-06 02:00:00,62.2,0
p02,2024-01-06 03:00:00,57.9,0
p02,2024-01-06 04:00:00,62.1,0
p02,2024-01-06 05:00:00,59.7,0
p02,2024-01-06 06:00:00,68.8,734
p02,2024-01-06 07:00:00,63.2,1158
p02,2024-01-06 08:00:00,67.2,1293
p02,2024-01-06 09:00:00,85.4,2230
p02,2024-01-06 10:00:00,86.9,2430
p02,2024-01-06 11:00:00,77.5,1231
p02,2024-01-06 12:00:00,81.1,983
p02,2024-01-06 13:00:00,93.3,908
p02,2024-01-06 14:00:00,89.4,1401
p02,2024-01-06 15:00:00,81.8,1879
p02,2024-01-06 16:00:00,66.2,1420
p02,2024-01-06 17:00:00,63.5,1067
p02,2024-01-06 18:00:00,76.3,391
p02,2024-01-06 19:00:00,69.6,652
p02,2024-01-06 20:00:00,84.9,666
p02,2024-01-06 21:00:00,62.5,182
p02,2024-01-06 22:00:00,68.2,127
p02,2024-01-06 23:00:00,62.9,99
p02,2024-01-07 00:00:00,60.2,0
p02,2024-01-07 01:00:00,56.7,0
p02,2024-01-07 02:00:00,57.8,0
p02,2024-01-07 03:00:00,66.3,0
p02,2024-01-07 04:00:00,60.6,0
p02,2024-01-07 05:00:00,54.0,0
p02,2024-01-07 06:00:00,82.1,1131
p02,2024-01-07 07:00:00,83.3,1526
p02,2024-01-07 08:00:00,72.3,815
p02,2024-01-07 09:00:00,70.3,1968
p02,2024-01-07 10:00:00,74.5,1570
p02,2024-01-07 11:00:00,68.6,1978
p02,2024-01-07 12:00:00,67.7,1082
p02,2024-01-07 13:00:00,85.0,1155
p02,2024-01-07 14:00:00,79.2,1796
p02,2024-01-07 15:00:00,78.2,1786
p02,2024-01-07 16:00:00,85.4,1221
p02,2024-01-07 17:00:00,74.5,1717
p02,2024-01-07 18:00:00,87.9,3227
p02,2024-01-07 19:00:00,73.5,2746
p02,2024-01-07 20:00:00,58.5,2469
p02,2024-01-07 21:00:00,66.6,1
p02,2024-01-07 22:00:00,68.9,10
p02,2024-01-07 23:00:00,67.2,22
p02,2024-01-08 00:00:00,63.9,0
p02,2024-01-08 01:00:00,53.2,0
p02,2024-01-08 02:00:00,60.2,0
p02,2024-01-08 03:00:00,63.2,0
p02,2024-01-08 04:00:00,60.2,0
p02,2024-01-08 05:00:00,65.5,0
p02,2024-01-08 06:00:00,69.6,1799
p02,2024-01-08 07:00:00,73.4,1928
p02,2024-01-08 08:00:00,86.7,911
p02,2024-01-08 09:00:00,88.6,2057
p02,2024-01-08 10:00:00,78.7,1613
p02,2024-01-08 11:00:00,80.9,880
p02,2024-01-08 12:00:00,84.3,627
p02,2024-01-08 13:00:00,76.6,673
p02,2024-01-08 14:00:00,73.2,1259
p02,2024-01-08 15:00:00,74.2,1330
p02,2024-01-08 16:00:00,79.6,1144
p02,2024-01-08 17:00:00,95.5,1457
p02,2024-01-08 18:00:00,64.6,784
p02,2024-01-08 19:00:00,75.6,621
p02,2024-01-08 20:00:00,72.8,468
p02,2024-01-08 21:00:00,60.1,117
p02,2024-01-08 22:00:00,59.3,113
p02,2024-01-08 23:00:00,70.9,111
p02,2024-01-09 00:00:00,52.2,0
p02,2024-01-09 01:00:00,51.4,0
p02,2024-01-09 02:00:00,60.2,0
p02,2024-01-09 03:00:00,53.7,0
p02,2024-01-09 04:00:00,59.8,0
p02,2024-01-09 05:00:00,54.1,0
p02,2024-01-09 06:00:00,76.1,730
p02,2024-01-09 07:00:00,69.1,654
p02,2024-01-09 08:00:00,63.6,751
p02,2024-01-09 09:00:00,81.9,840
p02,2024-01-09 10:00:00,72.8,2215
p02,2024-01-09 11:00:00,72.5,2142
p02,2024-01-09 12:00:00,65.4,836
p02,2024-01-09 13:00:00,79.8,1108
p02,2024-01-09 14:00:00,82.1,1441
p02,2024-01-09 15:00:00,80.5,1549
p02,2024-01-09 16:00:00,85.4,822
p02,2024-01-09 17:00:00,84.5,1871
p02,2024-01-09 18:00:00,77.2,2771
p02,2024-01-09 19:00:00,82.2,1155
p02,2024-01-09 20:00:00,90.7,3690
p02,2024-01-09 21:00:00,62.0,26
p02,2024-01-09 22:00:00,54.4,130
p02,2024-01-09 23:00:00,60.9,5
p02,2024-01-10 00:00:00,52.8,0
p02,2024-01-10 01:00:00,64.5,0
p02,2024-01-10 02:00:00,56.6,0
p02,2024-01-10 03:00:00,60.9,0
p02,2024-01-10 04:00:00,57.2,0
p02,2024-01-10 05:00:00,58.4,0
p02,2024-01-10 06:00:00,71.4,1754
p02,2024-01-10 07:00:00,68.6,521
p02,2024-01-10 08:00:00,79.9,1017
p02,2024-01-10 09:00:00,81.8,1903
p02,2024-01-10 10:00:00,75.2,1428
p02,2024-01-10 11:00:00,87.0,866
p02,2024-01-10 12:00:00,92.2,909
p02,2024-01-10 13:00:00,92.2,1401
p02,2024-01-10 14:00:00,80.9,1523
p02,2024-01-10 15:00:00,90.6,890
p02,2024-01-10 16:00:00,83.9,1053
p02,2024-01-10 17:00:00,75.3,1652
p02,2024-01-10 18:00:00,70.0,444
p02,2024-01-10 19:00:00,84.1,772
p02,2024-01-10 20:00:00,80.8,791
p02,2024-01-10 21:00:00,68.0,47
p02,2024-01-10 22:00:00,69.3,110
p02,2024-01-10 23:00:00,61.7,122
p02,2024-01-11 00:00:00,60.8,0
p02,2024-01-11 01:00:00,63.3,0
p02,2024-01-11 02:00:00,57.4,0
p02,2024-01-11 03:00:00,55.0,0
p02,2024-01-11 04:00:00,56.7,0
p02,2024-01-11 05:00:00,56.7,0
p02,2024-01-11 06:00:00,69.4,1766
p02,2024-01-11 07:00:00,78.1,1541
p02,2024-01-11 08:00:00,63.4,1630
p02,2024-01-11 09:00:00,77.2,1786
p02,2024-01-11 10:00:00,76.1,2153
p02,2024-01-11 11:00:00,60.8,2432
p02,2024-01-11 12:00:00,90.8,1479
p02,2024-01-11 13:00:00,62.1,636
p02,2024-01-11 14:00:00,98.9,1146
p02,2024-01-11 15:00:00,84.2,1395
p02,2024-01-11 16:00:00,85.4,1455
p02,2024-01-11 17:00:00,90.6,1117
p02,2024-01-11 18:00:00,77.1,2693
p02,2024-01-11 19:00:00,93.0,3372
p02,2024-01-11 20:00:00,127.6,2023
p02,2024-01-11 21:00:00,65.5,142
p02,2024-01-11 22:00:00,62.3,181
p02,2024-01-11 23:00:00,71.4,2
p02,2024-01-12 00:00:00,53.7,0
p02,2024-01-12 01:00:00,56.1,0
p02,2024-01-12 02:00:00,59.6,0
p02,2024-01-12 03:00:00,61.0,0
p02,2024-01-12 04:00:00,63.8,0
p02,2024-01-12 05:00:00,51.9,0
p02,2024-01-12 06:00:00,86.8,1188
p02,2024-01-12 07:00:00,85.9,1023
p02,2024-01-12 08:00:00,75.5,1895
p02,2024-01-12 09:00:00,83.8,2436
p02,2024-01-12 10:00:00,84.6,1974
p02,2024-01-12 11:00:00,82.2,1703
p02,2024-01-12 12:00:00,104.0,770
p02,2024-01-12 13:00:00,79.2,694
p02,2024-01-12 14:00:00,72.8,1077
p02,2024-01-12 15:00:00,90.5,1878
p02,2024-01-12 16:00:00,86.1,941
p02,2024-01-12 17:00:00,73.5,1560
p02,2024-01-12 18:00:00,66.1,720
p02,2024-01-12 19:00:00,67.0,341
p02,2024-01-12 20:00:00,70.6,334
p02,2024-01-12 21:00:00,60.0,193
p02,2024-01-12 22:00:00,67.0,106
p02,2024-01-12 23:00:00,66.7,72
p02,2024-01-13 00:00:00,57.2,0
p02,2024-01-13 01:00:00,59.2,0
p02,2024-01-13 02:00:00,65.5,0
p02,2024-01-13 03:00:00,68.3,0
p02,2024-01-13 04:00:00,52.9,0
p02,2024-01-13 05:00:00,54.6,0
p02,2024-01-13 06:00:00,89.8,1659
p02,2024-01-13 07:00:00,71.3,1213
p02,2024-01-13 08:00:00,64.5,1688
p02,2024-01-13 09:00:00,99.5,839
p02,2024-01-13 10:00:00,82.4,1175
p02,2024-01-13 11:00:00,84.1,2127
p02,2024-01-13 12:00:00,69.9,1447
p02,2024-01-13 13:00:00,96.5,1055
p02,2024-01-13 14:00:00,81.5,1484
p02,2024-01-13 15:00:00,80.4,1407
p02,2024-01-13 16:00:00,74.6,1676
p02,2024-01-13 17:00:00,80.9,1928
p02,2024-01-13 18:00:00,82.6,2345
p02,2024-01-13 19:00:00,87.4,1937
p02,2024-01-13 20:00:00,86.0,2997
p02,2024-01-13 21:00:00,61.8,21
p02,2024-01-13 22:00:00,62.3,123
p02,2024-01-13 23:00:00,76.4,178
p02,2024-01-14 00:00:00,56.2,0
p02,2024-01-14 01:00:00,61.4,0
p02,2024-01-14 02:00:00,69.9,0
p02,2024-01-14 03:00:00,60.3,0
p02,2024-01-14 04:00:00,58.1,0
p02,2024-01-14 05:00:00,58.6,0
p02,2024-01-14 06:00:00,70.1,1670
p02,2024-01-14 07:00:00,70.9,1148
p02,2024-01-14 08:00:00,74.4,1471
p02,2024-01-14 09:00:00,76.2,1617
p02,2024-01-14 10:00:00,81.8,1069
p02,2024-01-14 11:00:00,71.7,918
p02,2024-01-14 12:00:00,97.5,1183
p02,2024-01-14 13:00:00,71.4,1037
p02,2024-01-14 14:00:00,83.5,1876
p02,2024-01-14 15:00:00,78.1,1309
p02,2024-01-14 16:00:00,87.9,857
p02,2024-01-14 17:00:00,87.5,1727
p02,2024-01-14 18:00:00,79.7,667
p02,2024-01-14 19:00:00,78.3,762
p02,2024-01-14 20:00:00,77.1,515
p02,2024-01-14 21:00:00,59.4,141
p02,2024-01-14 22:00:00,60.4,90
p02,2024-01-14 23:00:00,56.1,168
p03,2024-01-01 00:00:00,53.8,0
p03,2024-01-01 01:00:00,60.7,0
p03,2024-01-01 02:00:00,59.6,0
p03,2024-01-01 03:00:00,56.1,0
p03,2024-01-01 04:00:00,58.2,0
p03,2024-01-01 05:00:00,59.0,0
p03,2024-01-01 06:00:00,72.8,820
p03,2024-01-01 07:00:00,72.7,1552
p03,2024-01-01 08:00:00,69.5,1798
p03,2024-01-01 09:00:00,70.1,1575
p03,2024-01-01 10:00:00,63.7,2172
p03,2024-01-01 11:00:00,68.8,1467
p03,2024-01-01 12:00:00,73.1,889
p03,2024-01-01 13:00:00,88.5,1232
p03,2024-01-01 14:00:00,88.5,993
p03,2024-01-01 15:00:00,92.1,1352
p03,2024-01-01 16:00:00,86.6,1393
p03,2024-01-01 17:00:00,80.8,871
p03,2024-01-01 18:00:00,91.2,2950
p03,2024-01-01 19:00:00,100.6,1780
p03,2024-01-01 20:00:00,99.4,2015
p03,2024-01-01 21:00:00,68.6,198
p03,2024-01-01 22:00:00,72.1,174
p03,2024-01-01 23:00:00,67.3,111
p03,2024-01-02 00:00:00,56.4,0
p03,2024-01-02 01:00:00,51.7,0
p03,2024-01-02 02:00:00,55.4,0
p03,2024-01-02 03:00:00,50.7,0
p03,2024-01-02 04:00:00,59.4,0
p03,2024-01-02 05:00:00,54.4,0
p03,2024-01-02 06:00:00,63.4,1607
p03,2024-01-02 07:00:00,73.6,808
p03,2024-01-02 08:00:00,72.9,1900
p03,2024-01-02 09:00:00,89.0,1508
p03,2024-01-02 10:00:00,57.9,2310
p03,2024-01-02 11:00:00,60.0,889
p03,2024-01-02 12:00:00,79.7,614
p03,2024-01-02 13:00:00,81.6,1193
p03,2024-01-02 14:00:00,82.3,1912
p03,2024-01-02 15:00:00,67.6,1376
p03,2024-01-02 16:00:00,91.4,1207
p03,2024-01-02 17:00:00,81.7,1628
p03,2024-01-02 18:00:00,80.6,729
p03,2024-01-02 19:00:00,79.7,414
p03,2024-01-02 20:00:00,72.8,521
p03,2024-01-02 21:00:00,63.9,194
p03,2024-01-02 22:00:00,71.7,31
p03,2024-01-02 23:00:00,67.1,36
p03,2024-01-03 00:00:00,60.5,0
p03,2024-01-03 01:00:00,63.2,0
p03,2024-01-03 02:00:00,60.8,0
p03,2024-01-03 03:00:00,53.2,0
p03,2024-01-03 04:00:00,56.4,0
p03,2024-01-03 05:00:00,63.5,0
p03,2024-01-03 06:00:00,71.9,1060
p03,2024-01-03 07:00:00,72.9,865
p03,2024-01-03 08:00:00,67.8,894
p03,2024-01-03 09:00:00,65.0,924
p03,2024-01-03 10:00:00,73.3,1337
p03,2024-01-03 11:00:00,103.0,932
p03,2024-01-03 12:00:00,100.0,1407
p03,2024-01-03 13:00:00,79.6,1214
p03,2024-01-03 14:00:00,73.4,933
p03,2024-01-03 15:00:00,97.7,1381
p03,2024-01-03 16:00:00,71.9,1418
p03,2024-01-03 17:00:00,82.6,1920
p03,2024-01-03 18:00:00,107.1,2300
p03,2024-01-03 19:00:00,84.0,2032
p03,2024-01-03 20:00:00,100.4,1542
p03,2024-01-03 21:00:00,67.0,19
p03,2024-01-03 22:00:00,69.5,88
p03,2024-01-03 23:00:00,62.7,113
p03,2024-01-04 00:00:00,65.4,0
p03,2024-01-04 01:00:00,62.4,0
p03,2024-01-04 02:00:00,58.4,0
p03,2024-01-04 03:00:00,54.8,0
p03,2024-01-04 04:00:00,50.7,0
p03,2024-01-04 05:00:00,56.4,0
p03,2024-01-04 06:00:00,72.5,1646
p03,2024-01-04 07:00:00,84.4,1498
p03,2024-01-04 08:00:00,77.7,1344
p03,2024-01-04 09:00:00,81.5,2217
p03,2024-01-04 10:00:00,93.3,1312
p03,2024-01-04 11:00:00,96.4,1069
p03,2024-01-04 12:00:00,81.9,1140
p03,2024-01-04 13:00:00,96.1,715
p03,2024-01-04 14:00:00,78.3,1816
p03,2024-01-04 15:00:00,90.0,1097
p03,2024-01-04 16:00:00,85.4,1630
p03,2024-01-04 17:00:00,79.8,1624
p03,2024-01-04 18:00:00,59.9,680
p03,2024-01-04 19:00:00,88.8,787
p03,2024-01-04 20:00:00,71.6,412
p03,2024-01-04 21:00:00,60.0,40
p03,2024-01-04 22:00:00,62.1,1
p03,2024-01-04 23:00:00,57.4,85
p03,2024-01-05 00:00:00,56.1,0
p03,2024-01-05 01:00:00,62.6,0
p03,2024-01-05 02:00:00,58.5,0
p03,2024-01-05 03:00:00,60.0,0
p03,2024-01-05 04:00:00,58.3,0
p03,2024-01-05 05:00:00,58.7,0
p03,2024-01-05 06:00:00,77.8,1526
p03,2024-01-05 07:00:00,77.5,604
p03,2024-01-05 08:00:00,67.6,762
p03,2024-01-05 09:00:00,71.4,1375
p03,2024-01-05 10:00:00,90.4,2190
p03,2024-01-05 11:00:00,71.2,2068
p03,2024-01-05 12:00:00,76.0,1207
p03,2024-01-05 13:00:00,70.2,926
p03,2024-01-05 14:00:00,95.8,1391
p03,2024-01-05 15:00:00,80.1,833
p03,2024-01-05 16:00:00,88.6,1199
p03,2024-01-05 17:00:00,83.4,832
p03,2024-01-05 18:00:00,99.7,1473
p03,2024-01-05 19:00:00,103.0,1645
p03,2024-01-05 20:00:00,113.4,2118
p03,2024-01-05 21:00:00,60.3,96
p03,2024-01-05 22:00:00,66.7,70
p03,2024-01-05 23:00:00,61.6,38
p03,2024-01-06 00:00:00,55.9,0
p03,2024-01-06 01:00:00,64.6,0
p03,2024-01-06 02:00:00,58.3,0
p03,2024-01-06 03:00:00,55.6,0
p03,2024-01-06 04:00:00,62.3,0
p03,2024-01-06 05:00:00,56.5,0
p03,2024-01-06 06:00:00,68.2,1498
p03,2024-01-06 07:00:00,89.3,1467
p03,2024-01-06 08:00:00,70.6,1683
p03,2024-01-06 09:00:00,86.2,1711
p03,2024-01-06 10:00:00,68.3,1737
p03,2024-01-06 11:00:00,78.2,1029
p03,2024-01-06 12:00:00,83.1,797
p03,2024-01-06 13:00:00,70.8,857
p03,2024-01-06 14:00:00,87.9,1156
p03,2024-01-06 15:00:00,72.2,1506
p03,2024-01-06 16:00:00,88.9,1679
p03,2024-01-06 17:00:00,83.8,1426
p03,2024-01-06 18:00:00,81.3,782
p03,2024-01-06 19:00:00,76.3,659
p03,2024-01-06 20:00:00,74.3,710
p03,2024-01-06 21:00:00,65.2,137
p03,2024-01-06 22:00:00,64.0,163
p03,2024-01-06 23:00:00,67.9,53
p03,2024-01-07 00:00:00,56.2,0
p03,2024-01-07 01:00:00,55.0,0
p03,2024-01-07 02:00:00,56.0,0
p03,2024-01-07 03:00:00,50.1,0
p03,2024-01-07 04:00:00,55.5,0
p03,2024-01-07 05:00:00,62.0,0
p03,2024-01-07 06:00:00,82.7,1098
p03,2024-01-07 07:00:00,72.4,844
p03,2024-01-07 08:00:00,64.2,1197
p03,2024-01-07 09:00:00,64.2,2166
p03,2024-01-07 10:00:00,87.2,922
p03,2024-01-07 11:00:00,78.5,2433
p03,2024-01-07 12:00:00,78.2,1309
p03,2024-01-07 13:00:00,76.7,674
p03,2024-01-07 14:00:00,80.1,1702
p03,2024-01-07 15:00:00,86.7,1330
p03,2024-01-07 16:00:00,88.7,854
p03,2024-01-07 17:00:00,84.7,1532
p03,2024-01-07 18:00:00,118.7,1223
p03,2024-01-07 19:00:00,107.5,1075
p03,2024-01-07 20:00:00,72.6,2390
p03,2024-01-07 21:00:00,62.5,167
p03,2024-01-07 22:00:00,53.0,84
p03,2024-01-07 23:00:00,65.3,114
p03,2024-01-08 00:00:00,59.1,0
p03,2024-01-08 01:00:00,66.2,0
p03,2024-01-08 02:00:00,57.0,0
p03,2024-01-08 03:00:00,57.8,0
p03,2024-01-08 04:00:00,58.7,0
p03,2024-01-08 05:00:00,58.0,0
p03,2024-01-08 06:00:00,70.5,731
p03,2024-01-08 07:00:00,60.7,1737
p03,2024-01-08 08:00:00,73.8,1683
p03,2024-01-08 09:00:00,64.1,1929
p03,2024-01-08 10:00:00,63.9,1596
p03,2024-01-08 11:00:00,84.2,1789
p03,2024-01-08 12:00:00,94.4,1289
p03,2024-01-08 13:00:00,72.9,819
p03,2024-01-08 14:00:00,94.3,1030
p03,2024-01-08 15:00:00,80.7,1875
p03,2024-01-08 16:00:00,82.8,995
p03,2024-01-08 17:00:00,76.7,1323
p03,2024-01-08 18:00:00,79.9,713
p03,2024-01-08 19:00:00,70.8,715
p03,2024-01-08 20:00:00,81.6,616
p03,2024-01-08 21:00:00,63.0,130
p03,2024-01-08 22:00:00,60.4,85
p03,2024-01-08 23:00:00,69.3,50
p03,2024-01-09 00:00:00,52.5,0
p03,2024-01-09 01:00:00,60.9,0
p03,2024-01-09 02:00:00,55.9,0
p03,2024-01-09 03:00:00,58.7,0
p03,2024-01-09 04:00:00,55.9,0
p03,2024-01-09 05:00:00,59.6,0
p03,2024-01-09 06:00:00,72.4,1186
p03,2024-01-09 07:00:00,65.0,1362
p03,2024-01-09 08:00:00,81.5,1300
p03,2024-01-09 09:00:00,61.3,1468
p03,2024-01-09 10:00:00,65.6,1333
p03,2024-01-09 11:00:00,80.5,2004
p03,2024-01-09 12:00:00,64.6,1094
p03,2024-01-09 13:00:00,97.1,1380
p03,2024-01-09 14:00:00,68.5,1018
p03,2024-01-09 15:00:00,83.0,1369
p03,2024-01-09 16:00:00,76.4,1390
p03,2024-01-09 17:00:00,97.2,1962
p03,2024-01-09 18:00:00,68.4,2865
p03,2024-01-09 19:00:00,76.0,1050
p03,2024-01-09 20:00:00,61.7,3006
p03,2024-01-09 21:00:00,55.2,79
p03,2024-01-09 22:00:00,65.9,172
p03,2024-01-09 23:00:00,77.4,58
p03,2024-01-10 00:00:00,56.5,0
p03,2024-01-10 01:00:00,60.9,0
p03,2024-01-10 02:00:00,59.7,0
p03,2024-01-10 03:00:00,58.2,0
p03,2024-01-10 04:00:00,63.1,0
p03,2024-01-10 05:00:00,57.3,0
p03,2024-01-10 06:00:00,73.1,977
p03,2024-01-10 07:00:00,66.2,1946
p03,2024-01-10 08:00:00,66.7,1116
p03,2024-01-10 09:00:00,76.6,1964
p03,2024-01-10 10:00:00,64.3,1610
p03,2024-01-10 11:00:00,105.0,1417
p03,2024-01-10 12:00:00,63.7,1231
p03,2024-01-10 13:00:00,61.7,1009
p03,2024-01-10 14:00:00,80.0,1359
p03,2024-01-10 15:00:00,84.1,959
p03,2024-01-10 16:00:00,99.2,1924
p03,2024-01-10 17:00:00,80.0,1513
p03,2024-01-10 18:00:00,61.7,581
p03,2024-01-10 19:00:00,73.2,625
p03,2024-01-10 20:00:00,91.9,555
p03,2024-01-10 21:00:00,64.4,89
p03,2024-01-10 22:00:00,63.7,40
p03,2024-01-10 23:00:00,62.3,66
p03,2024-01-11 00:00:00,52.2,0
p03,2024-01-11 01:00:00,58.3,0
p03,2024-01-11 02:00:00,51.9,0
p03,2024-01-11 03:00:00,61.5,0
p03,2024-01-11 04:00:00,58.0,0
p03,2024-01-11 05:00:00,58.0,0
p03,2024-01-11 06:00:00,63.2,1028
p03,2024-01-11 07:00:00,79.3,523
p03,2024-01-11 08:00:00,76.5,1442
p03,2024-01-11 09:00:00,91.2,2085
p03,2024-01-11 10:00:00,102.6,1429
p03,2024-01-11 11:00:00,76.2,861
p03,2024-01-11 12:00:00,87.4,1043
p03,2024-01-11 13:00:00,81.5,1478
p03,2024-01-11 14:00:00,72.6,975
p03,2024-01-11 15:00:00,86.9,1413
p03,2024-01-11 16:00:00,105.0,1206
p03,2024-01-11 17:00:00,84.3,1037
p03,2024-01-11 18:00:00,111.4,2835
p03,2024-01-11 19:00:00,91.1,3086
p03,2024-01-11 20:00:00,90.9,3890
p03,2024-01-11 21:00:00,62.0,94
p03,2024-01-11 22:00:00,58.4,39
p03,2024-01-11 23:00:00,70.6,80
p03,2024-01-12 00:00:00,57.3,0
p03,2024-01-12 01:00:00,53.5,0
p03,2024-01-12 02:00:00,56.7,0
p03,2024-01-12 03:00:00,57.8,0
p03,2024-01-12 04:00:00,59.5,0
p03,2024-01-12 05:00:00,52.8,0
p03,2024-01-12 06:00:00,70.7,1550
p03,2024-01-12 07:00:00,72.7,1381
p03,2024-01-12 08:00:00,85.3,859
p03,2024-01-12 09:00:00,90.0,2071
p03,2024-01-12 10:00:00,73.2,1435
p03,2024-01-12 11:00:00,79.5,1047
p03,2024-01-12 12:00:00,48.2,750
p03,2024-01-12 13:00:00,77.1,1225
p03,2024-01-12 14:00:00,95.6,893
p03,2024-01-12 15:00:00,89.3,1172
p03,2024-01-12 16:00:00,87.4,821
p03,2024-01-12 17:00:00,87.5,1574
p03,2024-01-12 18:00:00,73.5,776
p03,2024-01-12 19:00:00,77.3,401
p03,2024-01-12 20:00:00,73.0,683
p03,2024-01-12 21:00:00,64.9,141
p03,2024-01-12 22:00:00,65.8,9
p03,2024-01-12 23:00:00,75.3,43
p03,2024-01-13 00:00:00,60.8,0
p03,2024-01-13 01:00:00,60.7,0
p03,2024-01-13 02:00:00,62.2,0
p03,2024-01-13 03:00:00,49.7,0
p03,2024-01-13 04:00:00,60.7,0
p03,2024-01-13 05:00:00,57.4,0
p03,2024-01-13 06:00:00,61.1,1823
p03,2024-01-13 07:00:00,83.3,666
p03,2024-01-13 08:00:00,69.5,992
p03,2024-01-13 09:00:00,78.1,1352
p03,2024-01-13 10:00:00,74.1,2197
p03,2024-01-13 11:00:00,68.4,2397
p03,2024-01-13 12:00:00,58.6,894
p03,2024-01-13 13:00:00,87.8,625
p03,2024-01-13 14:00:00,82.1,1146
p03,2024-01-13 15:00:00,76.3,1440
p03,2024-01-13 16:00:00,95.4,864
p03,2024-01-13 17:00:00,99.1,1229
p03,2024-01-13 18:00:00,113.5,3727
p03,2024-01-13 19:00:00,107.5,1107
p03,2024-01-13 20:00:00,86.3,3415
p03,2024-01-13 21:00:00,60.5,104
p03,2024-01-13 22:00:00,69.0,100
p03,2024-01-13 23:00:00,51.1,32
p03,2024-01-14 00:00:00,57.9,0
p03,2024-01-14 01:00:00,50.7,0
p03,2024-01-14 02:00:00,61.3,0
p03,2024-01-14 03:00:00,53.1,0
p03,2024-01-14 04:00:00,59.0,0
p03,2024-01-14 05:00:00,65.3,0
p03,2024-01-14 06:00:00,59.8,824
p03,2024-01-14 07:00:00,67.1,924
p03,2024-01-14 08:00:00,64.4,1865
p03,2024-01-14 09:00:00,87.8,834
p03,2024-01-14 10:00:00,76.7,2136
p03,2024-01-14 11:00:00,92.5,1052
p03,2024-01-14 12:00:00,66.2,1445
p03,2024-01-14 13:00:00,69.6,1263
p03,2024-01-14 14:00:00,105.4,1094
p03,2024-01-14 15:00:00,64.8,1102
p03,2024-01-14 16:00:00,79.5,942
p03,2024-01-14 17:00:00,92.1,1124
p03,2024-01-14 18:00:00,86.5,433
p03,2024-01-14 19:00:00,85.0,459
p03,2024-01-14 20:00:00,94.8,714
p03,2024-01-14 21:00:00,59.0,58
p03,2024-01-14 22:00:00,66.5,106
p03,2024-01-14 23:00:00,66.8,8
p04,2024-01-01 00:00:00,57.4,0
p04,2024-01-01 01:00:00,62.6,0
p04,2024-01-01 02:00:00,61.2,0
p04,2024-01-01 03:00:00,59.8,0
p04,2024-01-01 04:00:00,58.5,0
p04,2024-01-01 05:00:00,58.3,0
p04,2024-01-01 06:00:00,71.2,1137
p04,2024-01-01 07:00:00,75.9,1829
p04,2024-01-01 08:00:00,82.9,776
p04,2024-01-01 09:00:00,81.1,1356
p04,2024-01-01 10:00:00,82.6,1232
p04,2024-01-01 11:00:00,62.3,2357
p04,2024-01-01 12:00:00,79.0,1017
p04,2024-01-01 13:00:00,75.4,746
p04,2024-01-01 14:00:00,75.1,1152
p04,2024-01-01 15:00:00,60.4,1456
p04,2024-01-01 16:00:00,81.8,1455
p04,2024-01-01 17:00:00,99.3,992
p04,2024-01-01 18:00:00,92.4,2345
p04,2024-01-01 19:00:00,96.6,2298
p04,2024-01-01 20:00:00,99.9,3173
p04,2024-01-01 21:00:00,57.4,169
p04,2024-01-01 22:00:00,58.1,158
p04,2024-01-01 23:00:00,63.4,179
p04,2024-01-02 00:00:00,54.7,0
p04,2024-01-02 01:00:00,53.8,0
p04,2024-01-02 02:00:00,66.2,0
p04,2024-01-02 03:00:00,61.2,0
p04,2024-01-02 04:00:00,61.2,0
p04,2024-01-02 05:00:00,56.0,0
p04,2024-01-02 06:00:00,71.0,1523
p04,2024-01-02 07:00:00,70.9,1957
p04,2024-01-02 08:00:00,67.2,1348
p04,2024-01-02 09:00:00,72.2,1588
p04,2024-01-02 10:00:00,80.8,1732
p04,2024-01-02 11:00:00,73.2,1935
p04,2024-01-02 12:00:00,90.1,1127
p04,2024-01-02 13:00:00,86.1,1227
p04,2024-01-02 14:00:00,93.5,1912
p04,2024-01-02 15:00:00,74.0,1866
p04,2024-01-02 16:00:00,83.2,1144
p04,2024-01-02 17:00:00,73.3,1174
p04,2024-01-02 18:00:00,81.5,505
p04,2024-01-02 19:00:00,75.4,783
p04,2024-01-02 20:00:00,75.4,768
p04,2024-01-02 21:00:00,64.7,147
p04,2024-01-02 22:00:00,63.4,116
p04,2024-01-02 23:00:00,58.2,112
p04,2024-01-03 00:00:00,59.0,0
p04,2024-01-03 01:00:00,61.0,0
p04,2024-01-03 02:00:00,58.3,0
p04,2024-01-03 03:00:00,63.6,0
p04,2024-01-03 04:00:00,60.7,0
p04,2024-01-03 05:00:00,57.2,0
p04,2024-01-03 06:00:00,96.5,1723
p04,2024-01-03 07:00:00,76.3,1037
p04,2024-01-03 08:00:00,74.0,1750
p04,2024-01-03 09:00:00,74.3,1239
p04,2024-01-03 10:00:00,82.6,932
p04,2024-01-03 11:00:00,57.3,2218
p04,2024-01-03 12:00:00,88.1,1217
p04,2024-01-03 13:00:00,88.8,767
p04,2024-01-03 14:00:00,95.4,1715
p04,2024-01-03 15:00:00,89.7,1596
p04,2024-01-03 16:00:00,77.2,1623
p04,2024-01-03 17:00:00,75.5,1572
p04,2024-01-03 18:00:00,104.5,1123
p04,2024-01-03 19:00:00,110.6,1295
p04,2024-01-03 20:00:00,85.7,3834
p04,2024-01-03 21:00:00,71.5,106
p04,2024-01-03 22:00:00,65.5,147
p04,2024-01-03 23:00:00,69.7,55
p04,2024-01-04 00:00:00,61.6,0
p04,2024-01-04 01:00:00,49.3,0
p04,2024-01-04 02:00:00,62.4,0
p04,2024-01-04 03:00:00,55.7,0
p04,2024-01-04 04:00:00,62.1,0
p04,2024-01-04 05:00:00,58.0,0
p04,2024-01-04 06:00:00,87.2,1456
p04,2024-01-04 07:00:00,75.2,1834
p04,2024-01-04 08:00:00,76.0,977
p04,2024-01-04 09:00:00,64.1,1976
p04,2024-01-04 10:00:00,78.9,900
p04,2024-01-04 11:00:00,85.1,974
p04,2024-01-04 12:00:00,71.6,1268
p04,2024-01-04 13:00:00,72.0,888
p04,2024-01-04 14:00:00,91.3,1877
p04,2024-01-04 15:00:00,60.0,1580
p04,2024-01-04 16:00:00,68.8,1628
p04,2024-01-04 17:00:00,73.2,1748
p04,2024-01-04 18:00:00,74.7,322
p04,2024-01-04 19:00:00,67.2,497
p04,2024-01-04 20:00:00,75.2,342
p04,2024-01-04 21:00:00,69.9,92
p04,2024-01-04 22:00:00,68.8,141
p04,2024-01-04 23:00:00,63.9,37
p04,2024-01-05 00:00:00,55.8,0
p04,2024-01-05 01:00:00,59.8,0
p04,2024-01-05 02:00:00,52.5,0
p04,2024-01-05 03:00:00,61.7,0
p04,2024-01-05 04:00:00,55.4,0
p04,2024-01-05 05:00:00,53.3,0
p04,2024-01-05 06:00:00,73.3,1688
p04,2024-01-05 07:00:00,63.9,703
p04,2024-01-05 08:00:00,77.6,777
p04,2024-01-05 09:00:00,67.8,2082
p04,2024-01-05 10:00:00,78.1,968
p04,2024-01-05 11:00:00,70.5,2280
p04,2024-01-05 12:00:00,86.4,918
p04,2024-01-05 13:00:00,80.4,884
p04,2024-01-05 14:00:00,70.7,1934
p04,2024-01-05 15:00:00,67.8,1098
p04,2024-01-05 16:00:00,70.3,1618
p04,2024-01-05 17:00:00,70.5,1980
p04,2024-01-05 18:00:00,96.9,1923
p04,2024-01-05 19:00:00,83.4,1079
p04,2024-01-05 20:00:00,96.7,1189
p04,2024-01-05 21:00:00,67.2,125
p04,2024-01-05 22:00:00,69.9,86
p04,2024-01-05 23:00:00,66.6,84
p04,2024-01-06 00:00:00,52.8,0
p04,2024-01-06 01:00:00,60.0,0
p04,2024-01-06 02:00:00,54.8,0
p04,2024-01-06 03:00:00,57.9,0
p04,2024-01-06 04:00:00,63.0,0
p04,2024-01-06 05:00:00,52.7,0
p04,2024-01-06 06:00:00,75.3,1595
p04,2024-01-06 07:00:00,69.5,1079
p04,2024-01-06 08:00:00,72.3,844
p04,2024-01-06 09:00:00,82.5,2150
p04,2024-01-06 10:00:00,68.4,2347
p04,2024-01-06 11:00:00,70.4,1753
p04,2024-01-06 12:00:00,84.7,1191
p04,2024-01-06 13:00:00,78.7,1119
p04,2024-01-06 14:00:00,89.0,1865
p04,2024-01-06 15:00:00,76.0,1489
p04,2024-01-06 16:00:00,97.6,1088
p04,2024-01-06 17:00:00,64.9,1644
p04,2024-01-06 18:00:00,93.1,567
p04,2024-01-06 19:00:00,91.8,552
p04,2024-01-06 20:00:00,66.8,511
p04,2024-01-06 21:00:00,59.3,48
p04,2024-01-06 22:00:00,57.0,159
p04,2024-01-06 23:00:00,71.2,165
p04,2024-01-07 00:00:00,59.1,0
p04,2024-01-07 01:00:00,58.2,0
p04,2024-01-07 02:00:00,60.8,0
p04,2024-01-07 03:00:00,53.4,0
p04,2024-01-07 04:00:00,57.9,0
p04,2024-01-07 05:00:00,53.3,0
p04,2024-01-07 06:00:00,70.2,1249
p04,2024-01-07 07:00:00,64.8,589
p04,2024-01-07 08:00:00,68.3,885
p04,2024-01-07 09:00:00,85.0,1124
p04,2024-01-07 10:00:00,75.2,1773
p04,2024-01-07 11:00:00,77.2,2457
p04,2024-01-07 12:00:00,94.4,1144
p04,2024-01-07 13:00:00,78.8,1373
p04,2024-01-07 14:00:00,83.2,1988
p04,2024-01-07 15:00:00,75.9,1389
p04,2024-01-07 16:00:00,76.5,1131
p04,2024-01-07 17:00:00,84.9,1018
p04,2024-01-07 18:00:00,103.1,2140
p04,2024-01-07 19:00:00,82.4,2165
p04,2024-01-07 20:00:00,99.8,2707
p04,2024-01-07 21:00:00,62.3,94
p04,2024-01-07 22:00:00,65.0,159
p04,2024-01-07 23:00:00,62.2,114
p04,2024-01-08 00:00:00,56.7,0
p04,2024-01-08 01:00:00,54.3,0
p04,2024-01-08 02:00:00,51.2,0
p04,2024-01-08 03:00:00,57.5,0
p04,2024-01-08 04:00:00,57.5,0
p04,2024-01-08 05:00:00,54.1,0
p04,2024-01-08 06:00:00,65.5,1047
p04,2024-01-08 07:00:00,72.2,685
p04,2024-01-08 08:00:00,71.1,808
p04,2024-01-08 09:00:00,81.7,845
p04,2024-01-08 10:00:00,82.3,1381
p04,2024-01-08 11:00:00,73.4,839
p04,2024-01-08 12:00:00,84.5,1346
p04,2024-01-08 13:00:00,78.0,601
p04,2024-01-08 14:00:00,66.5,1642
p04,2024-01-08 15:00:00,88.8,1183
p04,2024-01-08 16:00:00,103.1,1827
p04,2024-01-08 17:00:00,72.3,1830
p04,2024-01-08 18:00:00,69.3,629
p04,2024-01-08 19:00:00,70.1,644
p04,2024-01-08 20:00:00,79.8,722
p04,2024-01-08 21:00:00,66.1,107
p04,2024-01-08 22:00:00,59.4,28
p04,2024-01-08 23:00:00,66.5,167
p04,2024-01-09 00:00:00,51.1,0
p04,2024-01-09 01:00:00,53.1,0
p04,2024-01-09 02:00:00,58.9,0
p04,2024-01-09 03:00:00,54.5,0
p04,2024-01-09 04:00:00,56.7,0
p04,2024-01-09 05:00:00,54.3,0
p04,2024-01-09 06:00:00,65.2,1078
p04,2024-01-09 07:00:00,82.3,950
p04,2024-01-09 08:00:00,88.4,763
p04,2024-01-09 09:00:00,101.6,804
p04,2024-01-09 10:00:00,99.2,2207
p04,2024-01-09 11:00:00,103.3,2291
p04,2024-01-09 12:00:00,77.7,1227
p04,2024-01-09 13:00:00,97.8,1435
p04,2024-01-09 14:00:00,77.2,975
p04,2024-01-09 15:00:00,88.4,1943
p04,2024-01-09 16:00:00,86.2,1562
p04,2024-01-09 17:00:00,101.3,1483
p04,2024-01-09 18:00:00,85.6,1962
p04,2024-01-09 19:00:00,81.6,1767
p04,2024-01-09 20:00:00,85.3,2757
p04,2024-01-09 21:00:00,66.5,130
p04,2024-01-09 22:00:00,65.9,79
p04,2024-01-09 23:00:00,67.5,64
p04,2024-01-10 00:00:00,54.4,0
p04,2024-01-10 01:00:00,49.6,0
p04,2024-01-10 02:00:00,64.5,0
p04,2024-01-10 03:00:00,54.1,0
p04,2024-01-10 04:00:00,53.2,0
p04,2024-01-10 05:00:00,58.1,0
p04,2024-01-10 06:00:00,83.9,1531
p04,2024-01-10 07:00:00,73.3,558
p04,2024-01-10 08:00:00,63.5,1197
p04,2024-01-10 09:00:00,94.5,1846
p04,2024-01-10 10:00:00,77.7,1264
p04,2024-01-10 11:00:00,82.3,1797
p04,2024-01-10 12:00:00,84.3,1068
p04,2024-01-10 13:00:00,98.2,832
p04,2024-01-10 14:00:00,78.7,1155
p04,2024-01-10 15:00:00,74.2,1256
p04,2024-01-10 16:00:00,64.7,1127
p04,2024-01-10 17:00:00,72.4,1966
p04,2024-01-10 18:00:00,80.8,370
p04,2024-01-10 19:00:00,84.8,418
p04,2024-01-10 20:00:00,75.9,543
p04,2024-01-10 21:00:00,58.2,123
p04,2024-01-10 22:00:00,52.1,77
p04,2024-01-10 23:00:00,68.9,128
p04,2024-01-11 00:00:00,54.1,0
p04,2024-01-11 01:00:00,56.3,0
p04,2024-01-11 02:00:00,61.8,0
p04,2024-01-11 03:00:00,57.0,0
p04,2024-01-11 04:00:00,62.3,0
p04,2024-01-11 05:00:00,58.1,0
p04,2024-01-11 06:00:00,59.2,1803
p04,2024-01-11 07:00:00,68.4,613
p04,2024-01-11 08:00:00,76.5,1796
p04,2024-01-11 09:00:00,73.1,2279
p04,2024-01-11 10:00:00,88.5,2448
p04,2024-01-11 11:00:00,59.9,1874
p04,2024-01-11 12:00:00,73.3,787
p04,2024-01-11 13:00:00,69.4,1360
p04,2024-01-11 14:00:00,71.7,1490
p04,2024-01-11 15:00:00,97.3,1271
p04,2024-01-11 16:00:00,106.0,863
p04,2024-01-11 17:00:00,77.4,1652
p04,2024-01-11 18:00:00,96.3,3134
p04,2024-01-11 19:00:00,101.9,1114
p04,2024-01-11 20:00:00,112.5,3505
p04,2024-01-11 21:00:00,59.9,48
p04,2024-01-11 22:00:00,65.0,90
p04,2024-01-11 23:00:00,71.9,190
p04,2024-01-12 00:00:00,58.8,0
p04,2024-01-12 01:00:00,53.8,0
p04,2024-01-12 02:00:00,58.8,0
p04,2024-01-12 03:00:00,65.3,0
p04,2024-01-12 04:00:00,52.4,0
p04,2024-01-12 05:00:00,55.9,0
p04,2024-01-12 06:00:00,69.5,788
p04,2024-01-12 07:00:00,87.2,1974
p04,2024-01-12 08:00:00,89.8,959
p04,2024-01-12 09:00:00,68.8,1038
p04,2024-01-12 10:00:00,77.6,2110
p04,2024-01-12 11:00:00,86.8,1907
p04,2024-01-12 12:00:00,86.7,718
p04,2024-01-12 13:00:00,87.2,1206
p04,2024-01-12 14:00:00,79.0,1004
p04,2024-01-12 15:00:00,70.8,1350
p04,2024-01-12 16:00:00,88.5,1293
p04,2024-01-12 17:00:00,71.3,808
p04,2024-01-12 18:00:00,72.0,422
p04,2024-01-12 19:00:00,68.4,334
p04,2024-01-12 20:00:00,86.9,477
p04,2024-01-12 21:00:00,76.1,34
p04,2024-01-12 22:00:00,63.5,185
p04,2024-01-12 23:00:00,60.2,140
p04,2024-01-13 00:00:00,62.7,0
p04,2024-01-13 01:00:00,60.2,0
p04,2024-01-13 02:00:00,52.8,0
p04,2024-01-13 03:00:00,53.9,0
p04,2024-01-13 04:00:00,51.1,0
p04,2024-01-13 05:00:00,64.3,0
p04,2024-01-13 06:00:00,61.8,1644
p04,2024-01-13 07:00:00,59.1,1265
p04,2024-01-13 08:00:00,64.2,842
p04,2024-01-13 09:00:00,79.9,1491
p04,2024-01-13 10:00:00,81.1,825
p04,2024-01-13 11:00:00,85.4,1139
p04,2024-01-13 12:00:00,59.0,612
p04,2024-01-13 13:00:00,71.5,1109
p04,2024-01-13 14:00:00,67.3,1154
p04,2024-01-13 15:00:00,78.2,1867
p04,2024-01-13 16:00:00,69.7,1272
p04,2024-01-13 17:00:00,80.3,1894
p04,2024-01-13 18:00:00,99.0,1807
p04,2024-01-13 19:00:00,82.3,1055
p04,2024-01-13 20:00:00,73.8,1194
p04,2024-01-13 21:00:00,57.1,115
p04,2024-01-13 22:00:00,69.4,30
p04,2024-01-13 23:00:00,58.0,72
p04,2024-01-14 00:00:00,59.2,0
p04,2024-01-14 01:00:00,61.4,0
p04,2024-01-14 02:00:00,62.3,0
p04,2024-01-14 03:00:00,54.8,0
p04,2024-01-14 04:00:00,57.4,0
p04,2024-01-14 05:00:00,63.4,0
p04,2024-01-14 06:00:00,72.6,1477
p04,2024-01-14 07:00:00,74.1,535
p04,2024-01-14 08:00:00,86.5,938
p04,2024-01-14 09:00:00,64.8,1497
p04,2024-01-14 10:00:00,92.1,2355
p04,2024-01-14 11:00:00,81.9,2260
p04,2024-01-14 12:00:00,86.2,1224
p04,2024-01-14 13:00:00,113.3,1355
p04,2024-01-14 14:00:00,93.7,1057
p04,2024-01-14 15:00:00,85.9,1464
p04,2024-01-14 16:00:00,68.7,1080
p04,2024-01-14 17:00:00,90.2,1302
p04,2024-01-14 18:00:00,71.8,355
p04,2024-01-14 19:00:00,68.7,391
p04,2024-01-14 20:00:00,63.4,783
p04,2024-01-14 21:00:00,63.5,121
p04,2024-01-14 22:00:00,60.5,118
p04,2024-01-14 23:00:00,58.0,58
